Draft Year,Pick Number,NBA Team,Name,Age,College,Height,Weight,NBA Relatives,Seasons Played (College),POS,G,GS%,MP,FG,FGA,FG%,3P,3PA,3P%,FT,FTA,FT%,DRB,ORB,TRB,AST,STL,BLK,TOV,PF,PTS,PER,TS%,3PAr,FTr,PProd,ORB%,DRB%,TRB%,AST%,STL%,BLK%,TOV%,USG%,OWS,DWS,WS,WS/40,OBPM,DBPM,BPM,FG/40,FGA/40,3P/40,3PA/40,FT/40,FTA/40,ORB/40,DRB/40,TRB/40,AST/40,STL/40,BLK/40,TOV/40,PF/40,PTS/40,FG/100,FGA/100,3P/100,3PA/100,FT/100,FTA/100,ORB/100,DRB/100,TRB/100,AST/100,STL/100,BLK/100,TOV/100,PF/100,PTS/100,ORtg,DRtg,AST/TOV,PTS/USG,3PA/FGA,3PAr_TS,ShotTouchBlend,Weight/Height,Team Dev Score,College Strength
2021,1,DET,Cade Cunningham,19.75,Oklahoma State,203,99,0,1,G,27.0,96.3,35.4,6.5,14.8,0.438,2.3,5.7,0.4,4.9,5.8,0.846,5.5,0.7,6.2,3.5,1.6,0.8,4.0,2.5,20.1,21.6,0.574,0.388,0.39,518.0,2.3,16.3,9.6,20.4,2.5,2.3,18.7,29.1,2.3,1.7,4.0,0.166,5.1,3.2,8.3,7.3,16.7,2.6,6.5,5.5,6.5,0.8,6.2,7.0,3.9,1.8,0.9,4.6,2.8,22.8,10.0,22.9,3.6,8.9,7.6,8.9,1.1,8.5,9.6,5.4,2.5,1.2,6.2,3.8,31.2,106.4,97.0,1.091,0.784,0.385,0.223,0.668,0.488,3,3
2021,3,CLE,Evan Mobley,20.02,USC,213,95,1,1,F,33.0,100.0,33.9,6.0,10.3,0.578,0.4,1.2,0.3,4.1,5.8,0.694,5.9,2.7,8.7,2.4,0.8,2.9,2.2,1.8,16.4,29.1,0.624,0.117,0.566,532.0,9.6,18.9,14.5,14.1,1.4,8.8,14.6,22.8,4.3,2.6,6.9,0.248,7.9,5.8,13.7,7.0,12.2,0.4,1.4,4.8,6.9,3.2,7.0,10.2,2.8,0.9,3.4,2.6,2.1,19.3,10.4,18.0,0.6,2.1,7.1,10.2,4.7,10.3,15.1,4.2,1.4,5.0,3.9,3.1,28.5,123.2,90.9,0.966,0.846,0.117,0.073,0.536,0.446,8,5.0
2021,4,TOR,Scottie Barnes,19.9,Florida State,206,102,0,1,G,24.0,29.17,24.8,4.1,8.1,0.503,0.5,1.7,0.275,1.7,2.8,0.621,2.5,1.5,4.0,4.1,1.5,0.5,2.5,2.2,10.3,21.4,0.548,0.205,0.338,283.0,7.4,11.1,9.3,31.6,3.4,2.1,20.7,23.7,1.5,1.0,2.4,0.164,4.3,3.6,7.9,6.6,13.1,0.7,2.7,2.8,4.4,2.4,4.1,6.5,6.6,2.4,0.7,4.0,3.5,16.7,9.4,18.7,1.1,3.8,3.9,6.3,3.4,5.9,9.2,9.4,3.4,1.1,5.7,5.0,23.8,109.3,98.3,1.527,0.705,0.21,0.112,0.483,0.495,10,5.0
2021,5,ORL,Jalen Suggs,20.06,Gonzaga,193,92,0,1,G,30.0,100.0,28.9,5.2,10.3,0.503,1.2,3.5,0.337,2.9,3.8,0.754,4.7,0.6,5.3,4.5,1.9,0.3,2.9,2.6,14.4,22.6,0.595,0.338,0.37,454.0,2.7,18.0,11.0,23.7,3.5,1.1,19.5,24.8,2.5,2.1,4.6,0.21,4.8,4.6,9.4,7.1,14.2,1.6,4.8,4.0,5.3,0.8,6.5,7.4,6.3,2.6,0.5,4.1,3.6,19.9,9.6,19.0,2.2,6.4,5.3,7.0,1.1,8.8,9.9,8.4,3.5,0.6,5.4,4.8,26.6,112.4,90.8,1.215,0.802,0.34,0.201,0.587,0.477,4,6
2021,8,ORL,Franz Wagner,19.83,Michigan,206,99,1,2,G,28.0,100.0,31.7,4.4,9.3,0.477,1.3,3.6,0.343,2.4,2.8,0.835,5.8,0.7,6.5,3.0,1.3,1.0,1.3,2.2,12.5,22.1,0.587,0.392,0.304,345.0,2.9,19.6,12.1,17.4,2.3,3.2,10.8,19.7,2.7,2.0,4.7,0.21,5.8,6.1,11.9,5.6,11.7,1.6,4.6,3.0,3.6,0.9,7.4,8.3,3.8,1.6,1.3,1.6,2.8,15.7,8.2,17.3,2.3,6.8,4.4,5.3,1.3,10.8,12.2,5.6,2.3,1.9,2.4,4.1,23.2,121.5,92.3,1.611,0.797,0.387,0.23,0.638,0.481,4,5.0
2021,9,SAC,Davion Mitchell,22.8,Baylor,188,92,0,4,G,30.0,100.0,33.0,5.3,10.3,0.511,2.1,4.7,0.447,1.4,2.1,0.641,2.2,0.5,2.7,5.5,1.9,0.4,2.4,2.4,14.0,21.8,0.619,0.456,0.207,442.0,1.7,8.0,4.8,27.7,3.3,1.2,17.7,20.3,3.5,1.9,5.3,0.215,6.4,3.7,10.1,6.4,12.5,2.5,5.7,1.7,2.6,0.6,2.7,3.2,6.7,2.3,0.4,2.9,2.9,17.0,9.2,17.9,3.7,8.2,2.4,3.7,0.8,3.8,4.6,9.6,3.3,0.6,4.2,4.1,24.4,123.0,96.0,1.565,0.837,0.456,0.282,0.563,0.489,1,6
2021,10,NOP,Ziaire Williams,19.78,Stanford,203,83,0,1,F,20.0,70.0,27.9,3.8,10.2,0.374,1.2,4.0,0.291,2.0,2.5,0.796,4.1,0.5,4.6,2.2,0.9,0.6,2.9,2.4,10.7,11.2,0.473,0.389,0.241,213.0,2.4,16.4,9.9,16.4,1.7,2.2,20.4,26.5,-0.2,0.9,0.6,0.046,-1.2,1.5,0.3,5.4,14.6,1.6,5.7,2.8,3.5,0.7,5.8,6.5,3.2,1.2,0.8,4.2,3.4,15.3,7.8,20.9,2.4,8.1,4.0,5.0,1.0,8.3,9.4,4.5,1.7,1.1,6.0,4.9,22.0,86.3,99.2,0.804,0.577,0.392,0.184,0.594,0.409,1,5.0
2021,11,CHO,James Bouknight,20.77,UConn,196,86,0,2,G,15.0,93.33,31.7,6.5,14.6,0.447,1.5,5.0,0.293,4.2,5.4,0.778,4.1,1.5,5.7,1.8,1.1,0.3,2.8,1.9,18.7,23.3,0.546,0.342,0.37,253.0,5.3,15.1,10.1,12.8,2.2,0.9,14.0,31.6,1.3,0.8,2.1,0.179,6.1,2.5,8.6,8.3,18.4,1.9,6.3,5.3,6.8,1.9,5.2,7.2,2.3,1.4,0.3,3.5,2.4,23.7,12.5,27.9,2.8,9.5,8.0,10.3,2.9,7.9,10.8,3.4,2.2,0.5,5.3,3.6,35.7,108.7,98.4,0.914,0.75,0.342,0.187,0.584,0.439,5.0,5.0
2021,12,SAS,Joshua Primo,18.5,Alabama,198,86,0,1,G,30.0,63.33,22.5,2.8,6.5,0.431,1.4,3.8,0.381,1.1,1.5,0.75,2.3,1.0,3.4,0.8,0.6,0.3,1.4,1.7,8.1,13.2,0.565,0.579,0.226,226.0,4.7,10.5,7.6,6.5,1.4,1.3,16.0,17.6,1.0,1.1,2.1,0.125,1.6,2.1,3.7,5.0,11.6,2.6,6.7,2.0,2.6,1.8,4.2,6.0,1.5,1.0,0.5,2.4,3.0,14.5,6.7,15.5,3.4,9.0,2.6,3.5,2.5,5.6,8.0,2.0,1.4,0.7,3.3,4.0,19.4,107.8,98.7,0.406,0.824,0.585,0.327,0.602,0.434,10,3
2021,13,IND,Chris Duarte,24.03,Oregon,198,86,0,2,G,26.0,100.0,34.1,6.2,11.6,0.532,2.3,5.5,0.424,2.5,3.0,0.81,3.9,0.7,4.6,2.7,1.9,0.8,2.3,1.4,17.1,26.6,0.657,0.478,0.262,406.0,2.7,14.5,8.6,15.9,3.4,2.9,14.8,23.9,3.3,1.4,4.7,0.211,8.0,3.5,11.5,7.2,13.6,2.8,6.5,2.9,3.6,0.9,4.6,5.4,3.1,2.2,0.9,2.7,1.6,20.1,11.0,20.7,4.2,9.9,4.4,5.4,1.3,6.9,8.2,4.7,3.4,1.4,4.0,2.5,30.5,122.1,99.1,1.074,0.841,0.474,0.314,0.656,0.434,8,5
2021,14,GSW,Moses Moody,19.07,Arkansas,198,92,0,1,G,32.0,100.0,33.8,5.2,12.1,0.427,1.8,5.1,0.358,4.7,5.8,0.812,3.8,2.0,5.8,1.6,1.0,0.7,1.6,2.3,16.8,20.4,0.568,0.42,0.482,511.0,6.3,11.8,9.0,8.2,1.6,2.0,9.9,22.3,3.4,1.8,5.2,0.193,5.2,2.3,7.4,6.1,14.3,2.1,6.0,5.6,6.9,2.4,4.4,6.8,1.9,1.2,0.8,1.9,2.7,19.9,8.1,19.0,2.9,8.0,7.4,9.2,3.2,5.9,9.1,2.5,1.6,1.0,2.6,3.6,26.5,119.5,98.1,0.828,0.892,0.421,0.239,0.63,0.465,9,5.0
2021,15,WAS,Corey Kispert,22.31,Gonzaga,201,99,0,4,F,32.0,100.0,31.8,6.5,12.3,0.529,2.8,6.5,0.44,2.7,3.1,0.878,4.0,0.9,5.0,1.8,0.9,0.4,1.3,1.7,18.6,25.4,0.674,0.524,0.248,518.0,3.8,13.9,9.3,9.0,1.5,1.4,8.7,22.7,4.6,1.8,6.4,0.251,9.1,2.0,11.1,8.2,15.5,3.6,8.1,3.4,3.8,1.2,5.1,6.2,2.3,1.1,0.5,1.6,2.1,23.4,11.0,20.8,4.8,10.9,4.5,5.2,1.6,6.8,8.4,3.1,1.5,0.7,2.2,2.8,31.3,133.1,96.6,1.034,1.031,0.528,0.353,0.703,0.493,1,6
2021,17,MEM,Trey Murphy III,21.02,Virginia,206,93,0,3,G,25.0,80.0,29.6,3.8,7.6,0.503,2.1,4.8,0.433,1.5,1.6,0.927,2.8,0.6,3.4,1.2,0.8,0.4,0.8,2.0,11.3,20.9,0.67,0.628,0.215,248.0,2.8,11.7,7.6,8.2,1.8,1.8,8.3,18.4,2.5,0.9,3.5,0.189,5.9,2.4,8.4,5.2,10.3,2.8,6.5,2.1,2.2,0.8,3.8,4.6,1.6,1.1,0.6,1.0,2.7,15.3,8.5,17.0,4.6,10.7,3.4,3.6,1.3,6.2,7.6,2.7,1.8,1.0,1.7,4.4,25.1,129.8,102.0,0.988,0.832,0.632,0.421,0.729,0.451,7,3
2021,18,OKC,Tre Mann,20.39,Florida,196,86,0,2,G,24.0,100.0,32.4,5.5,12.1,0.459,1.9,4.7,0.402,3.1,3.7,0.831,5.0,0.7,5.6,3.5,1.4,0.1,2.8,2.4,16.0,21.1,0.579,0.386,0.307,382.0,2.6,16.9,10.2,21.9,2.4,0.4,17.0,25.8,2.2,1.2,3.3,0.172,5.0,2.0,7.0,6.8,14.9,2.3,5.8,3.8,4.6,0.8,6.1,6.9,4.3,1.7,0.2,3.5,2.9,19.8,9.7,21.2,3.3,8.2,5.4,6.5,1.2,8.7,9.8,6.1,2.4,0.2,5.0,4.2,28.1,111.7,99.6,1.288,0.767,0.388,0.223,0.659,0.439,10,7
2021,19,NYK,Kai Jones,20.43,Texas,211,98,0,2,F,26.0,15.38,22.8,3.2,5.5,0.58,0.5,1.3,0.382,2.0,2.8,0.689,2.9,2.0,4.8,0.6,0.8,0.9,1.4,2.7,8.8,20.7,0.646,0.238,0.517,220.0,10.0,13.5,11.8,5.4,2.1,4.2,16.8,18.0,1.6,1.1,2.7,0.183,4.0,3.5,7.5,5.6,9.6,0.9,2.3,3.4,5.0,3.4,5.1,8.5,1.1,1.5,1.6,2.4,4.6,15.5,8.0,13.8,1.3,3.3,4.9,7.2,4.9,7.3,12.2,1.5,2.1,2.3,3.5,6.7,22.3,120.2,96.3,0.321,0.861,0.236,0.154,0.566,0.464,4,6
2021,20,ATL,Jalen Johnson,19.52,Duke,206,99,0,1,F,13.0,61.54,21.4,4.4,8.4,0.523,0.6,1.4,0.444,1.8,2.9,0.632,4.5,1.5,6.1,2.2,1.2,1.2,2.5,2.2,11.2,25.8,0.575,0.165,0.349,143.0,8.3,25.2,16.6,20.5,3.1,6.0,20.6,28.6,0.6,0.5,1.1,0.162,4.3,4.2,8.5,8.2,15.7,1.2,2.6,3.5,5.5,2.9,8.5,11.4,4.2,2.2,2.3,4.7,4.2,21.0,11.9,22.7,1.7,3.7,5.0,7.9,4.2,12.3,16.4,6.0,3.1,3.3,6.9,6.0,30.4,104.3,95.4,0.995,0.734,0.167,0.095,0.557,0.481,5,10
2021,21,NYK,Keon Johnson,19.29,Tennessee,196,84,0,1,G,27.0,62.96,25.5,4.1,9.1,0.449,0.5,1.8,0.271,2.6,3.7,0.703,2.4,1.1,3.5,2.5,1.1,0.4,2.6,2.4,11.3,16.3,0.519,0.194,0.409,302.0,4.8,11.0,7.9,20.7,2.5,2.0,19.4,26.8,0.7,1.4,2.1,0.124,1.0,3.1,4.1,6.5,14.4,0.8,2.8,4.1,5.9,1.7,3.8,5.5,3.9,1.7,0.7,4.1,3.7,17.8,9.4,20.9,1.1,4.1,6.0,8.5,2.5,5.6,8.0,5.7,2.5,1.0,6.0,5.4,25.9,97.7,94.5,1.067,0.664,0.198,0.101,0.53,0.429,4,5
2021,22,LAL,Isaiah Jackson,19.46,Kentucky,208,93,0,1,F,25.0,72.0,20.8,3.0,5.5,0.54,0.0,0.1,0.0,2.5,3.6,0.7,4.5,2.1,6.6,0.7,0.8,2.6,1.5,3.0,8.4,25.3,0.587,0.015,0.657,208.0,11.2,23.3,17.3,7.4,2.1,12.7,17.5,20.5,1.2,1.2,2.4,0.187,2.3,6.0,8.3,5.7,10.6,0.0,0.2,4.9,6.9,4.1,8.6,12.7,1.4,1.5,5.0,2.9,5.8,16.3,8.2,15.1,0.0,0.2,6.9,9.9,5.8,12.3,18.2,2.0,2.1,7.2,4.2,8.3,23.2,111.9,90.7,0.423,0.795,0.018,0.009,0.42,0.447,3,10
2021,24,HOU,Josh Christopher,19.55,Arizona State,196,97,1,1,G,15.0,100.0,29.7,5.1,11.7,0.432,1.2,3.9,0.305,2.9,3.7,0.8,4.1,0.7,4.7,1.4,1.5,0.5,1.7,3.2,14.3,17.8,0.529,0.335,0.313,195.0,2.4,16.1,9.0,9.8,2.7,1.9,11.4,25.5,0.6,0.5,1.1,0.099,2.4,1.8,4.2,6.8,15.8,1.6,5.3,3.9,4.9,0.9,5.5,6.4,1.9,2.0,0.7,2.3,4.3,19.2,9.4,21.7,2.2,7.3,5.4,6.8,1.2,7.5,8.8,2.6,2.7,1.0,3.2,5.9,26.4,101.2,104.1,0.86,0.753,0.333,0.177,0.602,0.495,2,4
2021,25,LAC,Quentin Grimes,21.13,Houston,196,92,0,3,G,30.0,100.0,32.8,5.8,14.2,0.406,3.3,8.3,0.403,3.0,3.8,0.788,4.1,1.6,5.7,2.0,1.4,0.3,1.8,2.2,17.8,23.5,0.558,0.582,0.265,483.0,5.4,14.0,9.6,12.2,2.6,1.2,10.3,26.9,3.7,2.4,6.1,0.25,7.9,2.9,10.8,7.0,17.3,4.1,10.1,3.6,4.6,2.0,5.0,7.0,2.4,1.7,0.4,2.2,2.7,21.7,10.6,26.2,6.2,15.3,5.5,7.0,3.0,7.6,10.5,3.6,2.6,0.6,3.4,4.1,32.9,120.3,90.1,1.184,0.807,0.585,0.325,0.634,0.469,2,5.0
2021,26,DEN,Bones Hyland,20.78,VCU,190,74,0,2,G,24.0,100.0,31.9,6.3,14.2,0.447,2.9,7.8,0.371,3.9,4.5,0.862,4.5,0.2,4.7,2.1,1.9,0.2,3.1,2.2,19.5,23.7,0.596,0.547,0.321,408.0,0.7,16.3,8.9,16.0,3.5,0.6,15.9,31.8,2.0,1.8,3.8,0.201,5.5,2.7,8.2,7.9,17.8,3.6,9.7,4.9,5.7,0.2,5.7,5.9,2.6,2.3,0.2,3.9,2.8,24.4,11.7,26.2,5.3,14.3,7.2,8.4,0.3,8.4,8.7,3.8,3.5,0.3,5.7,4.1,35.9,107.8,91.2,1.006,0.767,0.549,0.326,0.666,0.389,7,5.0
2021,27,BRK,Cam Thomas,19.7,LSU,193,95,0,1,G,29.0,100.0,34.0,7.0,17.2,0.406,2.3,7.2,0.325,6.7,7.6,0.882,2.8,0.6,3.4,1.4,0.9,0.2,1.7,1.4,23.0,24.1,0.553,0.418,0.44,600.0,2.0,8.2,5.2,8.3,1.4,0.7,7.5,31.6,4.0,0.5,4.5,0.183,7.1,-0.8,6.3,8.2,20.3,2.8,8.5,7.9,8.9,0.7,3.2,4.0,1.7,1.0,0.2,2.0,1.6,27.1,11.3,27.9,3.8,11.7,10.8,12.3,1.0,4.5,5.5,2.3,1.4,0.3,2.7,2.2,37.3,117.9,109.4,1.107,0.858,0.419,0.231,0.659,0.492,5.0,6
2021,28,PHI,Jaden Springer,18.75,Tennessee,193,92,0,1,G,25.0,60.0,25.9,4.2,9.1,0.467,0.8,1.8,0.435,3.2,4.0,0.81,2.5,1.0,3.5,2.9,1.2,0.4,2.4,2.0,12.5,20.9,0.57,0.203,0.441,309.0,4.6,10.9,7.8,24.1,2.7,2.0,17.9,26.0,1.6,1.3,2.9,0.18,3.6,3.3,6.9,6.5,14.0,1.2,2.8,5.0,6.2,1.6,3.8,5.4,4.5,1.9,0.7,3.7,3.1,19.3,9.5,20.4,1.8,4.1,7.3,9.0,2.3,5.6,7.9,6.6,2.7,1.0,5.4,4.6,28.1,108.8,94.2,1.346,0.742,0.198,0.116,0.66,0.477,3,5
2021,29,PHO,Day'Ron Sharpe,19.63,UNC,211,120,0,1,F,29.0,13.79,19.2,3.9,7.4,0.519,0.0,0.1,0.0,1.8,3.5,0.505,4.2,3.3,7.6,1.4,0.8,0.9,2.0,2.0,9.5,25.5,0.521,0.009,0.468,281.0,18.1,23.8,20.9,15.4,2.3,5.1,17.8,26.3,1.1,1.2,2.3,0.169,4.3,3.2,7.5,8.1,15.5,0.0,0.1,3.7,7.3,7.0,8.8,15.8,3.0,1.7,1.9,4.1,4.2,19.8,11.2,21.7,0.0,0.2,5.1,10.1,9.7,12.2,22.0,4.2,2.3,2.6,5.7,5.9,27.6,104.8,93.0,0.865,0.753,0.014,0.005,0.303,0.569,5.0,9
2021,30,UTA,Santi Aldama,20.45,Loyola (MD),211,97,0,2,F,17.0,100.0,35.0,7.9,15.5,0.513,1.9,5.1,0.368,3.5,5.1,0.686,8.3,1.8,10.1,2.3,1.0,1.7,3.2,1.9,21.2,28.6,0.594,0.331,0.327,329.0,6.1,27.9,16.9,15.5,1.7,5.6,15.3,30.5,1.9,1.2,3.1,0.208,6.2,1.5,7.7,9.1,17.7,2.2,5.8,4.0,5.8,2.1,9.5,11.6,2.6,1.1,1.9,3.7,2.2,24.3,13.3,25.8,3.1,8.5,5.8,8.4,3.0,13.9,16.9,3.8,1.7,2.8,5.4,3.1,35.5,111.3,94.3,1.013,0.797,0.329,0.197,0.559,0.46,5,5.0
2021,32,NYK,Jeremiah Robinson-Earl,20.64,Villanova,206,104,0,2,F,25.0,100.0,34.5,6.2,12.5,0.497,0.9,3.3,0.28,2.4,3.4,0.714,6.0,2.5,8.5,2.2,1.0,0.6,1.6,2.3,15.7,23.4,0.558,0.263,0.269,388.0,8.6,21.3,14.8,13.5,1.7,2.3,10.2,24.3,2.7,1.3,4.1,0.189,5.5,2.1,7.6,7.2,14.5,1.1,3.8,2.8,3.9,2.9,7.0,9.8,2.6,1.1,0.7,1.9,2.6,18.2,11.0,22.0,1.6,5.8,4.2,5.9,4.4,10.6,15.0,3.9,1.7,1.1,2.8,4.0,27.8,116.2,99.2,1.324,0.749,0.264,0.147,0.54,0.505,4,7
2021,33,ORL,Jason Preston,21.88,Ohio University,193,84,0,3,G,20.0,100.0,34.6,6.4,12.4,0.514,1.6,4.1,0.39,1.4,2.4,0.596,6.2,1.1,7.3,7.3,1.5,0.3,3.0,1.4,15.7,24.1,0.583,0.332,0.19,352.0,3.6,20.6,12.2,38.6,2.3,0.8,18.2,23.4,2.2,1.0,3.2,0.186,5.4,1.8,7.2,7.4,14.3,1.9,4.7,1.6,2.7,1.2,7.2,8.4,8.4,1.7,0.3,3.5,1.6,18.2,10.3,20.0,2.6,6.6,2.3,3.8,1.7,10.0,11.7,11.7,2.3,0.4,4.9,2.2,25.4,115.1,100.0,2.121,0.778,0.331,0.194,0.514,0.435,4,5.0
2021,35,NOP,Herbert Jones,22.72,Alabama,203,95,0,4,F,33.0,100.0,27.3,3.9,8.8,0.446,0.6,1.7,0.351,2.8,3.9,0.713,4.1,2.5,6.6,3.3,1.7,1.1,2.8,2.8,11.2,20.6,0.528,0.197,0.446,419.0,9.4,15.1,12.3,21.7,3.4,4.0,21.0,22.7,1.7,2.2,3.9,0.172,3.4,5.3,8.7,5.7,12.8,0.9,2.5,4.1,5.7,3.6,6.0,9.6,4.8,2.5,1.6,4.1,4.2,16.4,7.7,17.2,1.2,3.4,5.5,7.7,4.9,8.0,12.9,6.4,3.4,2.2,5.5,5.6,22.0,105.5,90.6,1.033,0.722,0.193,0.104,0.568,0.468,1,3
2021,36,OKC,Miles McBride,20.79,West Virginia,188,90,0,2,G,29.0,96.55,34.2,5.4,12.6,0.431,1.6,3.8,0.414,3.4,4.2,0.813,2.7,1.2,3.9,4.8,1.9,0.3,1.8,1.7,15.9,22.8,0.544,0.305,0.338,474.0,3.7,9.2,6.3,28.5,3.1,1.0,11.1,22.9,3.4,1.2,4.7,0.189,6.5,3.0,9.5,6.3,14.7,1.9,4.5,4.0,5.0,1.4,3.2,4.6,5.7,2.2,0.4,2.1,2.0,18.6,9.0,20.8,2.6,6.3,5.7,7.0,1.9,4.5,6.5,8.0,3.1,0.5,3.0,2.8,26.3,120.3,102.3,2.568,0.812,0.302,0.166,0.653,0.479,10,5
2021,37,DET,JT Thor,18.83,Auburn,208,92,0,1,F,27.0,100.0,23.0,3.1,7.1,0.44,0.8,2.7,0.297,2.3,3.1,0.741,3.4,1.6,5.0,0.9,0.8,1.4,1.6,2.0,9.4,18.3,0.547,0.387,0.445,240.0,7.7,15.4,11.7,7.1,1.9,5.9,15.4,20.4,1.2,0.8,2.0,0.127,2.4,2.2,4.7,5.4,12.3,1.4,4.8,4.1,5.5,2.8,5.9,8.7,1.5,1.4,2.4,2.7,3.5,16.3,7.4,16.7,1.9,6.5,5.5,7.4,3.9,8.1,11.9,2.0,1.9,3.2,3.7,4.8,22.2,108.6,101.6,0.461,0.799,0.38,0.212,0.563,0.442,3,3
2021,38,CHI,Ayo Dosunmu,21.44,Illinois,196,90,0,3,G,28.0,100.0,35.1,7.5,15.4,0.488,1.1,2.9,0.39,4.0,5.1,0.783,5.2,1.1,6.3,5.3,1.1,0.2,3.3,2.1,20.1,24.0,0.566,0.191,0.333,572.0,3.9,15.9,10.4,29.2,1.8,0.6,15.7,29.5,3.3,1.8,5.1,0.207,6.4,3.1,9.5,8.5,17.5,1.3,3.3,4.6,5.8,1.3,5.9,7.2,6.0,1.3,0.2,3.8,2.4,22.9,12.0,24.5,1.8,4.7,6.4,8.2,1.8,8.3,10.1,8.4,1.8,0.3,5.3,3.3,32.2,112.9,96.8,1.86,0.776,0.188,0.108,0.626,0.459,4,5
2021,39,SAC,Neemias Queta,21.95,Utah State University,213,111,0,3,C,29.0,100.0,30.0,5.8,10.3,0.559,0.0,0.1,0.0,3.4,4.8,0.707,7.3,2.9,10.1,2.7,1.1,3.3,2.4,2.4,14.9,30.5,0.592,0.007,0.468,426.0,10.8,27.0,19.0,18.6,2.0,13.2,15.9,24.3,2.8,2.9,5.8,0.265,5.2,6.9,12.2,7.7,13.7,0.0,0.1,4.5,6.4,3.8,9.7,13.5,3.5,1.4,4.5,3.2,3.2,19.9,11.0,19.8,0.0,0.1,6.5,9.3,5.5,13.9,19.4,5.1,2.0,6.4,4.6,4.6,28.6,116.4,80.6,1.17,0.819,0.01,0.004,0.424,0.521,1,3
2021,40,NOP,Jared Butler,20.83,Baylor,190,88,0,3,G,30.0,100.0,30.3,5.9,12.5,0.471,2.6,6.2,0.416,2.4,3.0,0.78,2.9,0.4,3.3,4.8,2.0,0.4,2.8,2.4,16.7,25.0,0.599,0.492,0.242,498.0,1.7,11.4,6.5,27.9,3.7,1.3,16.9,27.0,3.5,1.9,5.4,0.239,7.6,4.1,11.7,7.8,16.5,3.4,8.1,3.1,4.0,0.6,3.8,4.4,6.3,2.6,0.5,3.7,3.2,22.1,11.2,23.8,4.9,11.7,4.5,5.7,0.8,5.4,6.3,9.1,3.7,0.7,5.4,4.6,31.7,118.6,93.7,1.651,0.819,0.496,0.295,0.634,0.463,1,6
2021,41,SAS,Joe Wieskamp,21.84,Iowa,198,96,0,3,G,31.0,100.0,29.3,5.2,10.6,0.491,2.4,5.1,0.462,2.1,3.1,0.677,5.5,1.2,6.6,1.7,0.9,0.3,1.4,1.5,14.8,22.7,0.616,0.482,0.293,399.0,4.5,18.7,11.9,10.4,1.8,1.1,10.3,22.4,2.9,1.2,4.1,0.181,7.4,1.9,9.3,7.1,14.5,3.2,7.0,2.9,4.2,1.6,7.5,9.1,2.3,1.3,0.4,1.9,2.1,20.3,10.0,20.4,4.5,9.8,4.0,6.0,2.3,10.5,12.8,3.3,1.8,0.6,2.7,3.0,28.6,120.5,101.4,1.01,0.906,0.481,0.297,0.591,0.485,10,5.0
2021,42,DET,Isaiah Livers,22.91,Michigan,201,104,0,4,F,23.0,100.0,31.6,4.4,9.7,0.457,2.2,5.0,0.431,2.0,2.3,0.87,4.9,1.1,6.0,2.0,0.6,0.7,1.1,1.6,13.1,20.5,0.605,0.52,0.242,280.0,4.5,16.6,11.1,11.6,1.1,2.3,9.5,19.8,2.3,1.3,3.6,0.196,6.7,3.6,10.4,5.6,12.3,2.8,6.4,2.6,3.0,1.4,6.2,7.6,2.5,0.7,0.9,1.4,2.0,16.6,8.3,18.1,4.1,9.4,3.8,4.4,2.0,9.2,11.2,3.7,1.1,1.4,2.1,3.0,24.4,123.6,97.1,1.221,0.838,0.515,0.315,0.694,0.517,3,5.0
2021,43,NOP,Greg Brown III,19.81,Texas,206,92,0,1,F,26.0,92.31,20.6,3.1,7.4,0.42,1.2,3.5,0.33,2.0,2.8,0.708,5.0,1.2,6.2,0.4,0.6,1.0,2.3,3.0,9.3,16.0,0.535,0.472,0.373,220.0,6.7,26.0,16.8,3.8,1.6,5.0,20.9,26.9,0.3,1.2,1.5,0.113,-0.2,2.7,2.5,6.1,14.4,2.2,6.8,3.8,5.4,2.3,9.7,12.0,0.7,1.1,1.9,4.5,5.8,18.2,8.7,20.8,3.2,9.8,5.5,7.7,3.3,14.0,17.3,1.1,1.6,2.8,6.5,8.3,26.1,93.6,91.6,0.182,0.677,0.473,0.253,0.557,0.447,1,6
2021,44,BRK,Kessler Edwards,20.88,Pepperdine,203,90,0,3,F,27.0,96.3,33.9,6.1,12.4,0.491,1.7,4.4,0.378,3.4,3.9,0.876,5.6,1.2,6.8,1.2,1.0,1.2,1.8,2.1,17.2,21.8,0.606,0.356,0.314,410.0,4.4,18.4,11.6,7.2,1.6,3.9,11.3,23.6,2.5,1.4,3.9,0.169,4.5,1.0,5.6,7.2,14.6,2.0,5.2,4.0,4.6,1.4,6.6,8.0,1.4,1.1,1.4,2.1,2.5,20.3,9.9,20.2,2.7,7.2,5.6,6.3,2.0,9.1,11.1,2.0,1.6,2.0,3.0,3.5,28.1,114.6,99.7,0.637,0.86,0.355,0.216,0.677,0.443,5.0,5.0
2021,46,TOR,Dalano Banton,21.63,Nebraska,206,92,0,3,G,27.0,81.48,27.3,3.3,8.1,0.411,0.7,3.0,0.247,2.1,3.3,0.659,4.9,1.0,5.9,3.9,1.0,0.9,2.5,2.1,9.6,16.1,0.495,0.37,0.402,293.0,3.9,18.9,11.4,28.8,1.9,4.0,20.4,21.8,0.6,1.1,1.7,0.093,1.6,3.0,4.7,4.9,11.9,1.1,4.4,3.2,4.8,1.5,7.2,8.6,5.7,1.4,1.4,3.6,3.0,14.0,6.7,16.3,1.5,6.0,4.3,6.6,2.0,9.8,11.8,7.8,1.9,1.9,5.0,4.2,19.2,96.8,99.8,1.412,0.642,0.37,0.183,0.494,0.447,10,3
2021,47,TOR,David Johnson,20.33,Louisville,196,95,0,2,G,19.0,100.0,35.1,4.7,11.5,0.411,1.7,4.4,0.386,1.5,2.1,0.7,4.9,0.9,5.8,3.2,1.1,0.3,3.2,2.7,12.6,13.4,0.504,0.379,0.183,239.0,2.9,15.4,9.3,18.8,1.8,0.9,20.4,23.3,0.4,1.0,1.4,0.083,1.1,1.9,3.1,5.4,13.1,1.9,5.0,1.7,2.4,1.0,5.6,6.6,3.6,1.2,0.3,3.7,3.1,14.4,8.2,19.9,2.9,7.5,2.5,3.6,1.5,8.4,10.0,5.5,1.8,0.5,5.5,4.6,21.8,94.6,100.1,0.922,0.618,0.383,0.191,0.574,0.485,10,6
2021,48,ATL,Sharife Cooper,20.04,Auburn,185,81,0,1,G,12.0,100.0,33.1,6.0,15.3,0.391,1.1,4.8,0.228,7.1,8.6,0.825,3.6,0.7,4.3,8.1,1.0,0.3,4.2,2.7,20.2,22.9,0.519,0.31,0.56,270.0,2.2,11.3,6.9,51.9,1.6,0.7,17.7,33.1,1.4,0.3,1.7,0.174,4.7,-0.4,4.3,7.3,18.5,1.3,5.7,8.6,10.4,0.8,4.3,5.1,9.8,1.2,0.3,5.0,3.2,24.4,9.9,25.2,1.8,7.8,11.7,14.1,1.1,5.9,7.0,13.3,1.6,0.4,6.9,4.4,33.2,110.6,106.6,2.932,0.737,0.314,0.161,0.586,0.438,5,3
2021,49,BRK,Marcus Zegarowski,22.89,Creighton,188,81,1,3,G,29.0,100.0,33.6,5.6,12.0,0.464,2.8,6.6,0.421,1.9,2.4,0.786,3.3,0.3,3.6,4.3,1.3,0.1,2.1,1.9,15.8,20.9,0.6,0.544,0.201,451.0,1.1,10.4,6.0,23.9,2.2,0.2,14.0,23.5,2.9,1.4,4.3,0.178,5.8,2.3,8.1,6.7,14.3,3.3,7.8,2.3,2.9,0.4,3.9,4.3,5.1,1.5,0.1,2.5,2.3,18.9,9.6,20.6,4.7,11.2,3.2,4.1,0.5,5.7,6.2,7.4,2.2,0.1,3.7,3.2,27.1,115.8,100.7,1.707,0.804,0.55,0.326,0.64,0.431,5.0,5.0
2021,50,PHI,Filip PetruÅ¡ev,21.19,Gonzaga,211,106,0,2,F,33.0,100.0,25.9,6.3,11.3,0.562,0.1,0.3,0.182,4.7,7.2,0.655,5.6,2.4,7.9,1.5,0.6,0.8,2.1,1.7,17.5,30.5,0.594,0.03,0.64,544.0,10.8,23.2,17.3,10.3,1.3,3.0,12.5,30.9,3.7,1.8,5.5,0.258,5.9,1.0,6.8,9.8,17.4,0.1,0.5,7.3,11.1,3.6,8.6,12.2,2.2,0.9,1.2,3.2,2.6,26.9,13.5,24.0,0.1,0.7,10.1,15.3,5.0,11.9,16.9,3.1,1.3,1.7,4.4,3.6,37.1,119.0,92.8,0.824,0.871,0.027,0.018,0.466,0.502,3,6
2021,51,MEM,Brandon Boston Jr.,19.57,Kentucky,201,83,0,1,G,25.0,96.0,30.4,4.1,11.6,0.355,1.2,4.0,0.3,2.0,2.6,0.785,3.2,1.3,4.5,1.6,1.3,0.2,1.4,2.0,11.5,13.3,0.447,0.345,0.224,276.0,4.8,11.2,8.0,11.1,2.5,0.5,10.1,23.0,0.7,1.0,1.6,0.087,1.0,2.1,3.1,5.4,15.3,1.6,5.3,2.7,3.4,1.7,4.2,5.9,2.1,1.7,0.2,1.9,2.6,15.1,7.8,21.8,2.3,7.5,3.8,4.9,2.5,6.0,8.4,3.0,2.5,0.3,2.7,3.7,21.6,97.9,102.1,1.099,0.657,0.345,0.154,0.591,0.413,7,10
2021,52,DET,Luka Garza,22.49,Iowa,211,120,0,4,F,31.0,100.0,31.5,9.1,16.4,0.553,1.4,3.2,0.44,4.5,6.4,0.709,5.7,3.0,8.7,1.7,0.7,1.6,1.5,2.3,24.1,35.6,0.62,0.197,0.392,655.0,10.5,18.3,14.6,12.2,1.2,5.3,7.2,32.5,5.5,1.4,6.9,0.282,11.9,1.8,13.7,11.5,20.8,1.8,4.1,5.8,8.2,3.8,7.3,11.1,2.2,0.9,2.1,1.9,2.9,30.6,16.2,29.4,2.5,5.8,8.2,11.5,5.4,10.3,15.7,3.1,1.2,2.9,2.7,4.0,43.2,127.3,100.5,1.694,0.942,0.195,0.122,0.601,0.569,3,5.0
2021,53,PHI,Charles Bassey,20.66,Western Kentucky,211,106,0,3,C,28.0,100.0,30.4,6.9,11.8,0.59,0.6,2.1,0.305,3.1,4.1,0.759,8.3,3.3,11.6,0.7,0.4,3.1,2.2,2.4,17.6,32.7,0.643,0.179,0.353,441.0,13.2,30.8,22.4,5.6,0.7,11.5,13.9,26.4,3.3,2.1,5.4,0.254,6.5,2.6,9.1,9.1,15.5,0.8,2.8,4.1,5.5,4.3,11.0,15.3,0.9,0.5,4.1,2.9,3.1,23.2,13.2,22.4,1.2,4.0,6.0,7.9,6.3,15.9,22.1,1.3,0.7,5.9,4.2,4.6,33.6,121.1,90.5,0.403,0.879,0.178,0.115,0.577,0.502,3,3
2021,54,IND,Sandro Mamukelashvili,22.09,Seton Hall,211,108,0,4,F,27.0,100.0,35.6,6.2,14.3,0.434,1.6,4.6,0.336,3.5,4.9,0.714,5.7,1.9,7.6,3.2,1.1,0.6,3.3,1.7,17.5,20.2,0.525,0.323,0.344,470.0,6.1,18.5,12.4,20.6,1.8,1.7,16.5,28.8,1.8,1.3,3.1,0.127,4.9,1.2,6.2,7.0,16.1,1.7,5.2,4.0,5.5,2.1,6.4,8.5,3.6,1.2,0.6,3.7,2.0,19.7,10.3,23.8,2.6,7.7,5.8,8.2,3.1,9.5,12.5,5.3,1.8,0.9,5.5,2.9,29.0,102.7,101.6,1.248,0.684,0.322,0.17,0.563,0.512,8,3
2021,55,OKC,Aaron Wiggins,22.48,Maryland,198,90,0,3,G,31.0,96.77,33.0,5.3,11.9,0.446,1.8,5.2,0.356,2.0,2.5,0.772,4.7,1.1,5.8,2.5,1.1,0.5,2.0,2.0,14.5,19.9,0.55,0.432,0.214,441.0,4.4,16.1,10.6,17.3,2.1,2.0,13.0,25.4,2.1,1.6,3.7,0.145,4.9,2.1,7.0,6.5,14.5,2.2,6.3,2.4,3.1,1.4,5.7,7.1,3.1,1.4,0.7,2.4,2.5,17.5,9.8,21.9,3.4,9.5,3.6,4.7,2.1,8.7,10.7,4.7,2.1,1.0,3.6,3.7,26.6,106.1,99.2,1.331,0.689,0.437,0.238,0.606,0.455,10,4
2021,56,CHO,Scottie Lewis,21.29,Florida,196,85,0,2,G,21.0,42.86,25.6,2.7,6.1,0.445,0.7,2.1,0.318,1.8,2.6,0.673,2.3,0.8,3.1,1.5,1.6,1.0,1.9,2.5,7.9,14.5,0.535,0.344,0.43,166.0,4.0,9.8,7.1,10.4,3.5,4.4,20.2,18.0,0.5,0.9,1.4,0.104,1.3,4.5,5.8,4.2,9.5,1.0,3.3,2.8,4.1,1.3,3.6,4.8,2.3,2.5,1.6,2.9,3.9,12.3,6.0,13.5,1.5,4.6,3.9,5.8,1.8,5.1,6.8,3.3,3.5,2.3,4.1,5.5,17.4,100.2,98.1,0.515,0.683,0.344,0.184,0.531,0.434,5.0,7
2021,57,CHO,BalÅ¡a Koprivica,21.15,Florida State,216,108,0,2,C,24.0,83.33,19.5,3.7,6.1,0.599,0.0,0.0,1.0,1.8,2.5,0.689,3.5,2.1,5.6,0.8,0.3,1.4,1.3,2.6,9.1,24.8,0.622,0.007,0.415,211.0,13.6,19.4,16.7,7.7,0.9,8.0,15.4,21.9,1.5,0.8,2.3,0.2,3.8,2.9,6.7,7.5,12.6,0.1,0.1,3.6,5.2,4.4,7.2,11.5,1.5,0.6,2.8,2.7,5.4,18.7,10.7,17.9,0.1,0.1,5.1,7.4,6.2,10.3,16.5,2.2,0.9,4.0,3.9,7.7,26.7,119.9,97.1,0.5,0.854,0.0,0.004,0.813,0.5,5.0,5.0
2021,58,NYK,Jericho Sims,22.68,Texas,208,111,0,4,F,26.0,100.0,24.5,3.6,5.2,0.696,0.0,0.0,0.0,2.0,3.8,0.52,5.1,2.2,7.2,0.7,0.7,1.1,1.6,2.5,9.2,21.7,0.658,0.0,0.741,227.0,10.2,22.1,16.4,5.4,1.7,4.6,18.7,17.6,1.5,1.4,2.9,0.181,3.6,3.4,6.9,5.9,8.5,0.0,0.0,3.3,6.3,3.5,8.3,11.8,1.1,1.2,1.8,2.6,4.1,15.0,8.5,12.2,0.0,0.0,4.7,9.0,5.0,11.9,17.0,1.5,1.7,2.5,3.8,6.0,21.6,117.0,93.5,0.289,0.852,0.0,0.0,0.312,0.534,4,6
2021,59,BRK,RaiQuan Gray,21.97,Florida State,203,117,0,3,F,25.0,96.0,26.3,4.4,8.4,0.517,0.3,1.2,0.267,2.8,3.7,0.763,4.9,1.5,6.4,2.2,1.2,0.7,2.2,2.6,11.9,22.2,0.582,0.142,0.441,297.0,7.0,20.2,14.1,16.1,2.6,3.1,17.7,23.3,1.7,1.3,3.0,0.183,3.7,3.7,7.4,6.6,12.8,0.5,1.8,4.3,5.7,2.2,7.5,9.7,3.3,1.8,1.1,3.3,4.0,18.1,9.5,18.3,0.7,2.6,6.2,8.1,3.2,10.7,13.9,4.8,2.6,1.6,4.8,5.6,25.8,112.5,95.1,0.91,0.777,0.143,0.083,0.565,0.576,5.0,5.0
2022,1,ORL,Paolo Banchero,19.62,Duke,208,113,0,1,F,39.0,100.0,33.0,6.3,13.2,0.478,1.1,3.3,0.338,3.5,4.8,0.729,6.1,1.7,7.8,3.2,1.1,0.9,2.4,1.9,17.2,24.2,0.557,0.253,0.366,665.0,6.4,19.1,13.2,17.5,1.9,2.7,13.3,27.5,4.0,2.2,6.1,0.191,5.4,2.3,7.7,7.6,16.0,1.4,4.0,4.3,5.8,2.1,7.3,9.5,3.9,1.3,1.1,2.9,2.3,20.9,11.2,23.4,2.0,5.9,6.2,8.6,3.1,10.8,13.9,5.7,1.9,1.6,4.2,3.4,30.6,113.8,98.1,1.316,0.76,0.25,0.141,0.573,0.543,4,10
2022,2,OKC,Chet Holmgren,20.15,Gonzaga,213,88,0,1,C,32.0,96.88,26.9,5.3,8.8,0.607,1.3,3.3,0.39,2.2,3.1,0.717,8.1,1.8,9.9,1.9,0.8,3.7,1.9,2.7,14.1,31.3,0.691,0.375,0.354,424.0,8.0,28.7,19.6,11.4,1.6,12.6,15.7,21.6,3.3,3.1,6.3,0.294,7.5,7.5,15.0,7.9,13.0,1.9,4.9,3.3,4.6,2.6,12.1,14.7,2.8,1.2,5.4,2.8,3.9,21.0,10.7,17.6,2.6,6.6,4.5,6.2,3.6,16.4,19.9,3.8,1.6,7.4,3.8,5.3,28.4,127.0,78.7,0.726,0.972,0.375,0.259,0.586,0.413,10,6
2022,3,HOU,Jabari Smith Jr.,19.12,Auburn,208,99,2,1,F,34.0,100.0,28.8,5.4,12.6,0.429,2.3,5.5,0.42,3.9,4.8,0.799,6.5,0.9,7.4,2.0,1.1,1.0,1.9,2.1,16.9,25.1,0.57,0.44,0.384,519.0,3.5,23.5,13.6,14.0,2.1,3.8,11.1,27.6,3.2,2.3,5.6,0.227,7.4,3.8,11.1,7.5,17.5,3.2,7.7,5.4,6.7,1.3,9.0,10.3,2.8,1.5,1.4,2.6,2.9,23.6,10.5,24.5,4.5,10.8,7.5,9.4,1.8,12.6,14.5,3.9,2.1,2.0,3.6,4.0,33.0,116.5,90.7,1.261,0.855,0.437,0.251,0.647,0.476,2,3
2022,4,SAC,Keegan Murray,21.85,Iowa,203,97,1,2,F,35.0,100.0,31.9,8.8,15.8,0.554,1.9,4.7,0.398,4.1,5.4,0.747,5.8,2.9,8.7,1.5,1.3,1.9,1.1,1.9,23.5,37.8,0.638,0.3,0.343,724.0,9.8,20.2,14.9,10.1,2.3,6.4,5.7,29.7,6.6,2.0,8.7,0.311,13.0,2.7,15.7,11.0,19.9,2.4,5.9,5.1,6.8,3.6,7.3,10.9,1.9,1.6,2.4,1.4,2.3,29.5,15.6,28.2,3.4,8.5,7.2,9.7,5.1,10.3,15.4,2.7,2.3,3.5,2.0,3.3,41.9,134.6,96.8,1.772,0.993,0.297,0.191,0.607,0.478,1,5.0
2022,5,DET,Jaden Ivey,20.36,Purdue,193,90,0,2,G,36.0,94.44,31.4,5.6,12.3,0.46,1.8,5.0,0.358,4.3,5.8,0.744,4.2,0.7,4.9,3.1,0.9,0.6,2.6,1.8,17.3,22.5,0.579,0.406,0.469,586.0,2.7,15.0,9.3,19.2,1.7,2.0,14.8,28.7,3.7,1.4,5.1,0.181,5.7,1.6,7.2,7.2,15.6,2.3,6.3,5.4,7.3,0.8,5.4,6.2,3.9,1.2,0.7,3.3,2.2,22.0,10.8,23.4,3.4,9.5,8.2,11.0,1.3,8.1,9.3,5.8,1.7,1.1,5.0,3.3,33.1,114.7,102.5,1.297,0.767,0.407,0.235,0.59,0.466,3,5
2022,6,IND,Bennedict Mathurin,20.02,Arizona,201,88,0,2,G,37.0,100.0,32.5,5.9,13.1,0.45,2.2,6.1,0.369,3.7,4.8,0.764,4.2,1.4,5.6,2.5,1.0,0.3,1.8,1.8,17.7,21.1,0.576,0.465,0.368,600.0,5.1,12.6,9.3,13.8,1.6,0.8,10.4,25.1,4.0,2.2,6.2,0.205,6.1,1.9,8.0,7.3,16.1,2.8,7.5,4.5,5.9,1.7,5.2,6.9,3.1,1.2,0.3,2.2,2.3,21.8,10.0,22.2,3.8,10.3,6.2,8.2,2.3,7.2,9.5,4.3,1.6,0.5,3.0,3.1,30.0,119.7,96.8,1.327,0.869,0.466,0.268,0.606,0.438,8,7
2022,9,SAS,Jeremy Sochan,19.1,Baylor,206,104,0,1,F,30.0,3.33,25.1,3.3,7.0,0.474,0.8,2.7,0.296,1.8,3.0,0.589,4.4,2.0,6.4,1.8,1.3,0.7,1.6,2.3,9.2,19.6,0.546,0.384,0.427,282.0,8.9,20.6,14.7,12.3,2.9,3.2,15.6,19.6,1.6,1.9,3.4,0.182,3.6,4.4,8.0,5.3,11.2,1.3,4.3,2.8,4.8,3.1,7.0,10.1,2.8,2.0,1.1,2.5,3.7,14.7,7.7,16.3,1.9,6.3,4.1,7.0,4.6,10.2,14.8,4.1,2.9,1.6,3.6,5.3,21.4,111.7,89.8,0.788,0.75,0.386,0.21,0.472,0.505,10,6
2022,10,WAS,Johnny Davis,20.32,Wisconsin,196,88,1,2,G,31.0,100.0,34.2,6.8,15.9,0.427,1.2,3.9,0.306,5.0,6.3,0.791,6.9,1.3,8.2,2.1,1.2,0.7,2.3,2.0,19.7,24.3,0.523,0.246,0.398,577.0,4.3,23.8,13.8,14.8,2.0,2.3,10.8,32.5,2.5,2.0,4.5,0.171,5.8,3.0,8.9,7.9,18.6,1.4,4.6,5.8,7.4,1.5,8.1,9.6,2.5,1.4,0.9,2.7,2.4,23.1,11.8,27.7,2.1,6.8,8.7,11.0,2.3,12.1,14.4,3.7,2.0,1.3,4.0,3.5,34.5,105.8,95.8,1.37,0.711,0.245,0.129,0.597,0.449,1,5.0
2022,12,OKC,Jalen Williams,21.2,Santa Clara,198,86,1,3,G,33.0,100.0,34.8,6.6,12.9,0.513,1.3,3.2,0.396,3.5,4.3,0.809,3.8,0.6,4.4,4.2,1.2,0.5,2.1,2.6,18.0,22.8,0.601,0.248,0.33,589.0,2.0,11.7,7.2,22.6,1.9,1.5,12.3,25.0,3.8,1.5,5.3,0.184,4.8,1.2,6.0,7.6,14.9,1.5,3.7,4.0,4.9,0.7,4.4,5.1,4.8,1.4,0.6,2.4,3.0,20.7,10.7,20.8,2.0,5.2,5.6,6.9,0.9,6.2,7.1,6.7,1.9,0.9,3.4,4.1,28.9,118.2,102.6,1.837,0.828,0.248,0.149,0.644,0.434,10,5.0
2022,13,CHO,Jalen Duren,18.6,Memphis,211,113,0,1,C,29.0,100.0,25.3,4.9,8.1,0.597,0.0,0.0,0.0,2.2,3.6,0.625,5.2,3.0,8.1,1.3,0.8,2.1,2.2,2.7,12.0,25.3,0.608,0.004,0.441,330.0,14.0,21.5,18.0,10.5,1.8,9.9,18.6,22.8,1.8,1.7,3.5,0.19,3.7,3.3,7.1,7.7,12.9,0.0,0.1,3.5,5.7,4.7,8.2,12.9,2.0,1.3,3.3,3.5,4.3,18.9,10.8,18.1,0.0,0.1,5.0,8.0,6.6,11.5,18.1,2.8,1.8,4.7,5.0,6.1,26.7,112.6,91.9,0.565,0.829,0.0,0.002,0.375,0.536,5.0,4
2022,14,CLE,Ochai Agbaji,22.18,Kansas,196,95,0,4,G,39.0,100.0,35.1,6.6,13.9,0.475,2.6,6.5,0.407,2.9,3.9,0.743,4.2,0.8,5.1,1.6,0.9,0.6,2.1,1.7,18.8,20.8,0.595,0.466,0.28,631.0,2.8,12.9,8.2,8.7,1.5,1.7,11.5,25.3,4.0,2.2,6.2,0.181,6.9,2.2,9.0,7.5,15.9,3.0,7.4,3.3,4.4,0.9,4.8,5.8,1.8,1.1,0.6,2.3,1.9,21.4,10.9,22.9,4.3,10.7,4.8,6.4,1.3,6.9,8.3,2.6,1.5,0.9,3.4,2.7,30.8,116.3,99.0,0.757,0.846,0.468,0.277,0.609,0.485,8,9
2022,15,CHO,Mark Williams,20.52,Duke,213,110,0,2,C,39.0,100.0,23.6,4.9,6.8,0.721,0.0,0.0,0.0,1.4,2.0,0.727,4.8,2.6,7.4,0.9,0.5,2.8,0.9,2.1,11.2,33.1,0.726,0.004,0.291,407.0,13.2,21.2,17.5,7.1,1.2,11.4,10.7,18.6,4.3,2.0,6.3,0.271,7.8,4.8,12.5,8.3,11.5,0.0,0.0,2.4,3.3,4.4,8.2,12.5,1.5,0.8,4.8,1.6,3.5,19.0,12.2,16.9,0.0,0.1,3.6,4.9,6.4,12.0,18.4,2.2,1.2,7.0,2.3,5.1,27.9,142.0,93.2,0.664,1.022,0.0,0.003,0.436,0.516,5.0,10
2022,16,ATL,AJ Griffin,18.83,Duke,198,100,1,1,F,39.0,64.1,24.0,3.7,7.6,0.493,1.8,4.1,0.447,1.1,1.4,0.792,3.2,0.8,3.9,1.0,0.5,0.6,0.6,1.1,10.4,20.7,0.63,0.537,0.179,349.0,3.9,13.7,9.1,7.0,1.3,2.3,7.2,18.8,3.0,1.2,4.2,0.18,6.6,1.5,8.1,6.2,12.7,3.0,6.8,1.8,2.3,1.3,5.3,6.5,1.6,0.9,0.9,1.1,1.8,17.3,9.2,18.6,4.5,10.0,2.6,3.3,1.9,7.7,9.6,2.4,1.3,1.4,1.6,2.6,25.4,128.9,102.3,0.972,0.92,0.539,0.338,0.654,0.505,5,10
2022,17,HOU,Tari Eason,21.13,LSU,203,97,0,2,F,33.0,12.12,24.4,5.8,11.1,0.521,0.8,2.4,0.359,4.6,5.7,0.803,4.3,2.3,6.6,1.0,1.9,1.1,2.2,2.8,16.9,33.4,0.615,0.214,0.515,506.0,10.5,19.8,15.2,10.1,4.5,6.2,13.8,31.8,3.4,2.5,5.9,0.294,9.0,5.7,14.7,9.4,18.1,1.4,3.9,7.5,9.3,3.7,7.1,10.8,1.6,3.2,1.8,3.6,4.5,27.7,13.4,25.7,2.0,5.5,10.6,13.3,5.3,10.1,15.4,2.3,4.5,2.5,5.1,6.4,39.4,119.2,83.2,0.732,0.871,0.216,0.132,0.625,0.478,2,6
2022,18,CHI,Dalen Terry,19.95,Arizona,201,88,0,2,G,37.0,100.0,27.8,3.1,6.2,0.502,0.8,2.1,0.364,1.1,1.4,0.736,3.7,1.2,4.8,3.9,1.2,0.3,1.4,2.3,8.0,16.9,0.584,0.336,0.231,343.0,5.0,12.8,9.3,22.1,2.5,1.1,16.7,14.1,2.4,2.1,4.5,0.176,3.5,4.5,8.0,4.5,8.9,1.1,3.0,1.5,2.1,1.7,5.3,7.0,5.6,1.8,0.5,2.0,3.3,11.5,6.1,12.2,1.5,4.1,2.1,2.8,2.3,7.3,9.6,7.7,2.5,0.6,2.7,4.5,15.9,122.8,94.6,1.323,0.816,0.339,0.196,0.587,0.438,4,7
2022,19,MIN,Jake LaRavia,20.64,Wake Forest,206,103,0,3,G,33.0,100.0,34.2,5.0,9.0,0.559,0.8,2.2,0.384,3.7,4.8,0.777,4.5,2.1,6.6,3.7,1.7,1.0,2.7,2.8,14.6,22.9,0.649,0.246,0.529,516.0,7.5,14.1,11.1,20.0,2.7,3.0,19.3,20.4,3.7,2.1,5.8,0.206,4.7,3.7,8.5,5.9,10.5,1.0,2.6,4.3,5.6,2.4,5.3,7.7,4.3,2.0,1.1,3.2,3.3,17.1,8.3,14.8,1.4,3.6,6.1,7.8,3.4,7.4,10.8,6.1,2.7,1.6,4.4,4.6,24.0,121.7,95.9,1.036,0.838,0.244,0.16,0.62,0.5,3,5.0
2022,20,SAS,Malaki Branham,19.12,Ohio State,196,81,0,1,G,32.0,96.88,29.6,5.0,10.0,0.498,1.2,2.8,0.416,2.5,3.0,0.833,2.8,0.8,3.6,2.0,0.7,0.3,1.7,1.8,13.7,20.4,0.596,0.277,0.299,411.0,3.5,10.5,7.3,14.5,1.5,1.0,12.8,24.1,2.9,0.8,3.6,0.154,4.8,0.9,5.7,6.8,13.5,1.6,3.8,3.4,4.1,1.1,3.8,4.8,2.7,1.0,0.4,2.3,2.4,18.4,10.4,20.8,2.4,5.8,5.2,6.2,1.6,5.8,7.4,4.1,1.5,0.6,3.5,3.6,28.3,117.3,107.1,1.133,0.763,0.28,0.165,0.666,0.413,10,6
2022,21,DEN,Christian Braun,21.19,Kansas,198,92,0,3,G,40.0,97.5,34.4,5.2,10.5,0.495,1.3,3.3,0.386,2.5,3.4,0.733,5.1,1.4,6.5,2.8,1.0,0.8,2.0,1.8,14.1,19.6,0.585,0.316,0.323,551.0,4.9,16.0,10.8,14.5,1.6,2.5,14.4,20.4,3.5,2.5,6.0,0.174,5.6,3.3,9.0,6.0,12.2,1.5,3.8,2.9,3.9,1.6,6.0,7.6,3.2,1.1,1.0,2.4,2.1,16.4,8.7,17.5,2.1,5.5,4.1,5.7,2.3,8.6,10.9,4.6,1.6,1.4,3.4,3.1,23.6,116.5,96.9,1.007,0.804,0.314,0.185,0.594,0.465,7,9
2022,22,MEM,Walker Kessler,20.91,Auburn,216,111,2,2,F,34.0,100.0,25.6,4.8,7.9,0.608,0.3,1.5,0.2,1.6,2.6,0.596,5.4,2.6,8.1,0.9,1.1,4.6,1.1,2.6,11.4,31.4,0.627,0.187,0.332,360.0,10.9,22.2,16.6,6.9,2.4,19.1,10.7,19.0,2.8,2.7,5.5,0.254,6.2,8.0,14.1,7.5,12.3,0.5,2.3,2.4,4.1,4.1,8.5,12.6,1.4,1.7,7.1,1.7,4.0,17.9,10.5,17.3,0.6,3.2,3.4,5.7,5.7,11.9,17.6,1.9,2.4,10.0,2.4,5.7,25.1,126.0,83.0,0.645,0.942,0.19,0.117,0.438,0.514,7,3
2022,23,PHI,David Roddy,21.25,Colorado State,196,114,0,3,G,31.0,100.0,32.9,7.2,12.5,0.571,1.5,3.4,0.438,3.4,4.9,0.691,5.7,1.8,7.5,2.9,1.2,1.1,2.3,2.3,19.2,30.3,0.645,0.27,0.391,574.0,7.4,21.0,14.5,19.8,2.1,4.1,13.5,28.8,4.4,1.8,6.3,0.246,8.7,2.3,11.1,8.7,15.2,1.8,4.1,4.1,6.0,2.2,6.9,9.2,3.5,1.4,1.3,2.8,2.8,23.3,13.2,23.1,2.7,6.2,6.2,9.0,3.4,10.5,13.9,5.3,2.1,2.0,4.3,4.2,35.3,121.9,97.0,1.467,0.809,0.272,0.174,0.59,0.582,3,3
2022,25,SAS,Blake Wesley,19.28,Notre Dame,196,83,0,1,G,35.0,80.0,29.3,5.1,12.6,0.404,1.5,5.1,0.303,2.7,4.1,0.657,3.0,0.7,3.7,2.4,1.3,0.1,2.2,1.9,14.4,16.9,0.495,0.404,0.324,491.0,3.0,11.6,7.5,17.4,2.6,0.2,13.1,31.3,1.1,1.4,2.5,0.098,0.5,0.8,1.3,6.9,17.2,2.1,6.9,3.7,5.6,0.9,4.1,5.0,3.3,1.7,0.1,3.0,2.6,19.6,10.5,26.1,3.2,10.5,5.6,8.5,1.4,6.2,7.6,5.0,2.6,0.1,4.6,4.0,29.8,97.2,101.1,1.328,0.626,0.405,0.2,0.515,0.423,10,5.0
2022,26,DAL,Wendell Moore Jr.,20.77,Duke,196,97,0,3,F,39.0,100.0,33.9,4.8,9.6,0.5,1.3,3.2,0.413,2.4,3.0,0.805,4.1,1.2,5.3,4.4,1.4,0.2,1.9,1.6,13.4,21.4,0.605,0.335,0.314,556.0,4.4,12.5,8.7,21.7,2.4,0.6,15.0,19.5,4.3,1.9,6.2,0.186,5.3,2.6,7.9,5.7,11.4,1.6,3.8,2.9,3.6,1.5,4.8,6.3,5.2,1.7,0.2,2.3,1.9,15.8,8.3,16.7,2.3,5.6,4.2,5.2,2.1,7.0,9.2,7.6,2.4,0.4,3.4,2.7,23.2,123.4,101.2,1.447,0.81,0.333,0.203,0.648,0.495,5,10
2022,28,GSW,Patrick Baldwin Jr.,19.6,UW-Milwaukee,206,99,0,1,G,11.0,90.91,28.5,4.1,11.9,0.344,1.5,5.8,0.266,2.4,3.2,0.743,4.9,0.9,5.8,1.5,0.8,0.8,2.1,1.5,12.1,13.9,0.45,0.489,0.267,127.0,3.7,17.9,11.2,12.0,1.7,3.2,13.5,28.3,0.0,0.4,0.4,0.046,-0.8,-1.0,-1.8,5.7,16.7,2.2,8.2,3.3,4.5,1.3,6.9,8.2,2.2,1.1,1.1,2.9,2.2,16.9,8.4,24.5,3.2,12.0,4.9,6.6,1.9,10.1,12.0,3.2,1.7,1.7,4.3,3.2,24.9,89.3,102.7,0.889,0.597,0.487,0.22,0.552,0.481,9,5.0
2022,29,MEM,TyTy Washington Jr.,20.61,Kentucky,190,89,0,1,G,31.0,93.55,29.2,4.9,10.9,0.451,1.2,3.3,0.35,1.5,2.1,0.75,2.8,0.6,3.5,3.9,1.3,0.2,1.6,1.5,12.5,19.3,0.528,0.306,0.19,391.0,2.6,10.7,6.8,22.7,2.6,0.7,12.2,22.5,2.4,1.5,3.9,0.171,4.1,3.3,7.4,6.7,14.9,1.6,4.6,2.1,2.8,0.9,3.8,4.7,5.3,1.8,0.3,2.3,2.1,17.1,9.7,21.5,2.3,6.6,3.1,4.1,1.3,5.6,6.8,7.7,2.6,0.4,3.3,3.0,24.8,114.8,98.4,1.861,0.76,0.303,0.162,0.59,0.468,7,10
2022,30,OKC,Peyton Watson,19.79,UCLA,203,90,0,1,G,32.0,0.0,12.7,1.2,3.7,0.322,0.2,1.0,0.226,0.7,1.0,0.688,2.0,0.9,2.9,0.8,0.6,0.6,0.9,1.6,3.3,11.2,0.394,0.263,0.271,120.0,8.1,18.7,13.3,11.0,2.8,5.5,18.4,20.8,-0.2,0.9,0.8,0.074,-2.7,3.8,1.1,3.8,11.7,0.7,3.1,2.2,3.2,2.9,6.2,9.1,2.6,1.9,1.9,3.0,5.0,10.4,5.6,17.5,1.0,4.6,3.3,4.8,4.3,9.4,13.7,3.9,2.8,2.8,4.5,7.6,15.6,85.6,91.6,0.598,0.5,0.27,0.104,0.503,0.443,10,8
2022,31,IND,Andrew Nembhard,22.44,Gonzaga,196,87,0,4,G,32.0,100.0,32.2,4.4,9.7,0.452,1.6,4.2,0.383,1.5,1.7,0.873,2.9,0.4,3.4,5.8,1.6,0.1,1.9,2.0,11.8,18.1,0.564,0.429,0.177,436.0,1.6,8.7,5.6,26.3,2.7,0.4,15.6,18.6,2.8,2.2,5.0,0.195,3.9,3.4,7.3,5.4,12.1,2.0,5.2,1.9,2.1,0.5,3.7,4.2,7.2,2.0,0.2,2.4,2.5,14.7,7.4,16.3,2.7,7.0,2.5,2.9,0.7,4.9,5.7,9.7,2.7,0.2,3.3,3.4,20.0,118.5,93.0,1.686,0.79,0.433,0.242,0.677,0.444,8,6
2022,32,ORL,Caleb Houstan,19.46,Michigan,203,92,0,1,G,34.0,100.0,32.0,3.2,8.4,0.384,1.8,5.0,0.355,1.9,2.4,0.783,3.2,0.8,4.0,1.4,0.7,0.2,1.5,1.7,10.1,11.8,0.53,0.595,0.292,321.0,3.1,11.7,7.5,7.4,1.4,0.8,13.9,17.9,1.4,0.9,2.3,0.084,1.9,1.2,3.1,4.0,10.4,2.2,6.2,2.4,3.1,1.0,4.0,5.0,1.7,0.9,0.3,1.9,2.1,12.6,5.9,15.5,3.3,9.2,3.5,4.5,1.5,5.9,7.4,2.5,1.4,0.4,2.8,3.1,18.7,105.4,106.8,0.532,0.704,0.595,0.315,0.612,0.453,4,5.0
2022,33,TOR,Christian Koloko,22.01,Arizona,216,102,0,3,C,37.0,100.0,25.4,4.9,7.8,0.635,0.0,0.1,0.0,2.7,3.7,0.735,4.7,2.6,7.3,1.4,0.8,2.8,1.6,2.8,12.6,28.0,0.661,0.01,0.472,437.0,12.1,18.0,15.4,9.8,1.6,10.3,14.3,20.7,3.4,2.4,5.9,0.25,5.2,5.3,10.5,7.8,12.2,0.0,0.1,4.3,5.8,4.0,7.4,11.5,2.2,1.2,4.3,2.5,4.4,19.8,10.7,16.8,0.0,0.2,5.8,7.9,5.6,10.2,15.8,3.0,1.6,6.0,3.4,6.0,27.2,127.3,88.6,0.685,0.957,0.013,0.007,0.441,0.472,10,7
2022,34,OKC,Jaylin Williams,19.99,Arkansas,208,111,0,2,F,37.0,94.59,31.6,3.8,8.3,0.461,0.5,1.9,0.239,2.8,3.8,0.729,8.3,1.5,9.8,2.6,1.3,1.1,1.8,2.6,10.9,18.9,0.538,0.231,0.455,417.0,5.3,29.3,17.2,15.3,2.3,4.0,15.2,18.2,1.9,3.0,4.9,0.167,2.7,5.2,7.9,4.9,10.5,0.6,2.4,3.5,4.8,1.9,10.5,12.4,3.2,1.6,1.4,2.3,3.3,13.8,6.7,14.6,0.8,3.4,4.8,6.6,2.7,14.6,17.3,4.5,2.3,1.9,3.2,4.7,19.1,108.9,89.3,1.007,0.758,0.229,0.124,0.533,0.534,10,5.0
2022,35,LAL,Max Christie,19.37,Michigan State,198,86,1,1,G,35.0,100.0,30.8,3.2,8.4,0.382,1.1,3.5,0.317,1.7,2.1,0.824,2.6,0.9,3.5,1.5,0.5,0.5,1.5,1.1,9.3,10.5,0.494,0.42,0.253,309.0,3.4,9.2,6.4,8.6,1.0,1.7,13.7,18.1,0.9,0.8,1.7,0.063,0.8,1.1,1.9,4.2,10.9,1.4,4.6,2.3,2.7,1.1,3.4,4.5,1.9,0.7,0.6,1.9,1.4,12.0,6.1,16.0,2.1,6.7,3.3,4.0,1.6,5.0,6.6,2.8,1.0,0.9,2.8,2.1,17.7,99.9,107.8,0.628,0.663,0.417,0.207,0.621,0.434,3,7
2022,38,SAS,Kennedy Chandler,19.77,Tennessee,183,78,0,1,G,34.0,100.0,30.8,5.4,11.5,0.464,1.4,3.8,0.383,1.8,2.9,0.606,2.6,0.7,3.2,4.7,2.2,0.2,2.5,2.0,13.9,20.2,0.539,0.327,0.253,479.0,2.5,9.7,6.0,32.3,4.1,0.9,16.2,25.0,2.2,2.4,4.6,0.176,4.2,4.8,9.0,6.9,15.0,1.9,4.9,2.3,3.8,0.9,3.3,4.2,6.1,2.8,0.3,3.2,2.6,18.1,10.1,21.8,2.7,7.1,3.3,5.5,1.3,4.8,6.1,9.0,4.1,0.4,4.7,3.8,26.3,107.8,92.1,1.994,0.724,0.33,0.176,0.517,0.426,10,5
2022,40,MIN,Bryce McGowens,19.63,Nebraska,201,81,0,1,G,31.0,100.0,33.3,5.2,12.8,0.403,1.3,4.7,0.274,5.2,6.3,0.831,4.5,0.7,5.2,1.4,0.7,0.3,2.1,2.0,16.8,16.9,0.533,0.368,0.491,486.0,2.4,14.6,8.7,8.6,1.2,1.0,11.7,27.2,1.6,0.6,2.2,0.086,2.3,-1.0,1.3,6.2,15.4,1.6,5.7,6.3,7.6,0.9,5.4,6.2,1.7,0.9,0.4,2.5,2.4,20.2,8.6,21.4,2.2,7.9,8.7,10.5,1.2,7.5,8.7,2.3,1.2,0.5,3.5,3.3,28.1,103.0,110.0,0.735,0.743,0.367,0.196,0.608,0.403,3,3
2022,41,NOP,E.J. Liddell,21.52,Ohio State,201,108,0,3,F,32.0,100.0,33.2,6.3,12.9,0.49,1.4,3.8,0.374,5.3,6.9,0.765,5.7,2.3,7.9,2.5,0.6,2.6,2.4,2.5,19.4,30.5,0.598,0.297,0.534,612.0,8.9,19.3,14.5,17.0,1.0,8.5,12.9,30.5,4.6,1.6,6.3,0.236,8.5,3.3,11.8,7.6,15.6,1.7,4.6,6.4,8.3,2.7,6.9,9.6,3.0,0.7,3.1,2.9,3.0,23.4,11.7,24.0,2.7,7.1,9.8,12.8,4.2,10.5,14.7,4.6,1.0,4.8,4.5,4.6,35.9,120.6,100.0,1.318,0.767,0.295,0.178,0.609,0.537,1,6
2022,42,NYK,Trevor Keels,18.83,Duke,193,100,0,1,G,36.0,72.22,30.2,4.1,9.8,0.419,1.5,4.8,0.312,1.8,2.7,0.67,2.6,0.8,3.4,2.7,1.2,0.1,1.3,1.3,11.5,16.5,0.52,0.493,0.276,412.0,3.3,9.0,6.4,14.9,2.4,0.2,10.2,20.7,2.3,1.3,3.7,0.134,2.7,1.5,4.2,5.4,12.9,2.0,6.4,2.4,3.6,1.1,3.5,4.6,3.6,1.6,0.1,1.7,1.7,15.2,7.9,18.9,2.9,9.3,3.5,5.2,1.6,5.1,6.7,5.3,2.4,0.1,2.4,2.5,22.3,112.4,103.2,1.461,0.734,0.49,0.256,0.527,0.518,4,10
2022,43,LAC,Moussa DiabatÃ©,20.42,Michigan,211,95,0,1,F,32.0,81.25,24.9,3.7,6.8,0.542,0.1,0.4,0.214,1.6,2.6,0.619,3.6,2.4,6.0,0.8,0.3,0.9,1.5,2.7,9.0,17.6,0.565,0.065,0.389,290.0,11.9,17.0,14.5,6.2,0.8,3.7,15.5,19.7,1.6,0.9,2.5,0.124,1.6,1.1,2.8,5.9,10.9,0.2,0.7,2.6,4.2,3.8,5.8,9.6,1.3,0.6,1.4,2.4,4.3,14.5,8.7,16.1,0.2,1.0,3.9,6.3,5.7,8.6,14.2,1.9,0.8,2.1,3.5,6.4,21.5,110.9,104.1,0.4,0.736,0.059,0.037,0.457,0.45,2,5.0
2022,44,ATL,Ryan Rollins,19.98,Toledo,193,81,0,2,G,34.0,100.0,32.7,6.8,14.6,0.468,1.4,4.4,0.311,3.8,4.8,0.802,5.3,0.7,6.0,3.6,1.7,0.3,2.2,2.4,18.9,24.7,0.559,0.304,0.327,613.0,2.4,16.2,9.7,20.5,3.0,0.9,11.7,28.9,3.6,2.2,5.8,0.208,3.4,2.0,5.4,8.4,17.9,1.7,5.4,4.7,5.8,0.8,6.5,7.3,4.4,2.1,0.3,2.7,3.0,23.1,11.9,25.4,2.4,7.7,6.7,8.3,1.2,9.2,10.4,6.3,3.0,0.5,3.9,4.3,32.8,114.0,95.1,1.752,0.799,0.301,0.17,0.606,0.42,5,5.0
2022,45,CHO,Josh Minott,19.58,Memphis,203,92,0,1,G,33.0,15.15,14.6,2.5,4.8,0.522,0.1,0.4,0.143,1.5,2.0,0.754,2.2,1.6,3.8,0.9,0.8,0.7,0.9,1.8,6.6,23.7,0.571,0.088,0.409,215.0,12.9,15.7,14.4,12.8,3.1,5.4,14.0,21.9,1.4,1.0,2.4,0.199,3.8,3.4,7.2,6.9,13.2,0.2,1.2,4.1,5.4,4.3,6.0,10.3,2.6,2.2,1.8,2.6,4.8,18.0,9.7,18.5,0.2,1.6,5.7,7.6,6.1,8.4,14.5,3.6,3.1,2.6,3.6,6.8,25.3,117.6,93.7,0.914,0.822,0.083,0.05,0.51,0.453,5.0,4
2022,47,MEM,Vince Williams Jr.,21.82,VCU,198,95,0,4,G,30.0,96.67,32.4,4.6,9.6,0.477,2.2,5.6,0.387,2.8,3.4,0.814,5.1,0.9,6.0,3.0,1.6,1.1,2.9,2.9,14.1,20.7,0.629,0.585,0.355,405.0,3.5,17.7,11.0,19.6,2.9,3.8,20.4,22.6,2.1,2.5,4.6,0.191,4.7,4.5,9.2,5.6,11.8,2.7,6.9,3.4,4.2,1.1,6.2,7.4,3.7,2.0,1.3,3.5,3.6,17.3,8.2,17.2,3.9,10.1,5.0,6.1,1.6,9.1,10.7,5.5,2.9,1.9,5.2,5.2,25.3,110.3,88.7,0.961,0.765,0.583,0.368,0.643,0.48,7,5.0
2022,48,MIN,Kendall Brown,19.12,Baylor,203,92,0,1,G,34.0,100.0,27.0,3.9,6.6,0.584,0.4,1.2,0.341,1.5,2.2,0.689,3.1,1.7,4.9,1.9,1.0,0.4,1.7,2.3,9.7,18.4,0.63,0.181,0.327,321.0,7.3,13.7,10.5,12.3,2.2,1.5,18.2,17.1,2.2,1.8,4.0,0.174,3.7,3.6,7.4,5.8,9.8,0.6,1.8,2.2,3.2,2.6,4.7,7.2,2.7,1.5,0.5,2.5,3.4,14.3,8.4,14.4,0.9,2.6,3.2,4.7,3.7,6.8,10.5,4.0,2.2,0.8,3.7,4.9,20.9,118.5,95.2,0.676,0.836,0.182,0.114,0.55,0.453,3,6
2022,49,CLE,Isaiah Mobley,22.75,USC,208,106,1,3,F,32.0,100.0,34.1,5.0,11.3,0.445,1.3,3.8,0.352,2.8,4.0,0.682,6.1,2.2,8.3,3.3,0.8,0.9,1.9,2.0,14.2,21.1,0.535,0.337,0.356,467.0,7.5,18.7,13.4,18.8,1.3,2.7,12.4,22.4,2.9,2.0,4.9,0.178,5.2,2.7,7.9,5.9,13.3,1.6,4.5,3.2,4.7,2.6,7.2,9.8,3.9,0.9,1.1,2.2,2.3,16.6,8.8,19.7,2.3,6.6,4.8,7.0,3.9,10.7,14.5,5.8,1.3,1.6,3.3,3.5,24.6,114.5,96.8,1.516,0.741,0.336,0.18,0.55,0.51,8,5.0
2022,51,GSW,Tyrese Martin,23.3,UConn,198,97,0,4,G,29.0,100.0,32.1,5.0,11.1,0.449,1.5,3.4,0.43,2.1,3.1,0.689,5.2,2.3,7.5,1.9,0.8,0.5,1.8,2.1,13.6,19.5,0.54,0.312,0.28,377.0,8.2,17.9,13.0,12.1,1.5,1.6,12.7,22.3,2.3,1.6,3.9,0.168,4.9,1.8,6.7,6.2,13.8,1.8,4.3,2.7,3.9,2.9,6.5,9.4,2.4,1.0,0.6,2.3,2.6,16.9,9.3,20.7,2.8,6.4,4.0,5.8,4.4,9.7,14.0,3.6,1.5,0.9,3.4,3.9,25.3,113.7,97.6,0.953,0.758,0.306,0.168,0.585,0.49,9,5.0
2022,53,BOS,JD Davison,19.73,Alabama,190,88,0,1,G,33.0,15.15,25.8,3.0,6.5,0.463,0.8,2.5,0.301,1.8,2.5,0.728,3.7,1.1,4.8,4.3,1.0,0.4,2.9,1.2,8.5,16.0,0.558,0.388,0.379,333.0,4.5,15.2,9.8,29.4,2.1,1.4,27.3,18.8,1.2,0.8,2.1,0.097,3.3,1.9,5.2,4.6,10.0,1.2,3.9,2.8,3.8,1.7,5.7,7.4,6.7,1.5,0.6,4.5,1.9,13.2,6.3,13.7,1.6,5.3,3.8,5.2,2.3,7.8,10.1,9.2,2.1,0.8,6.1,2.6,18.1,104.5,105.4,1.077,0.702,0.385,0.217,0.557,0.463,9,3
2022,57,POR,Jabari Walker,19.9,Colorado,203,90,1,2,F,33.0,100.0,28.1,4.8,10.5,0.461,1.1,3.2,0.346,3.8,4.9,0.784,7.3,2.1,9.4,1.2,0.7,0.7,2.3,2.5,14.6,23.0,0.57,0.3,0.467,456.0,8.9,29.3,19.5,10.0,1.5,2.6,15.2,27.6,2.3,2.0,4.3,0.185,3.8,1.8,5.7,6.9,15.0,1.6,4.5,5.5,7.0,2.9,10.4,13.4,1.8,1.0,0.9,3.3,3.6,20.8,10.1,21.9,2.3,6.6,8.0,10.2,4.3,15.3,19.5,2.6,1.5,1.4,4.8,5.2,30.5,109.8,93.8,0.658,0.754,0.305,0.171,0.609,0.443,2,3
2023,2,CHO,Brandon Miller,20.59,Alabama,206,90,0,1,F,37.0,100.0,32.6,6.0,13.9,0.43,2.9,7.5,0.384,3.9,4.6,0.859,6.2,2.1,8.2,2.1,0.9,0.9,2.2,2.4,18.8,23.4,0.583,0.535,0.329,645.0,6.7,17.7,12.6,12.9,1.5,2.4,12.0,26.2,4.1,2.9,7.0,0.23,7.8,4.3,12.0,7.4,17.1,3.5,9.1,4.8,5.6,2.5,7.6,10.1,2.5,1.1,1.1,2.7,2.9,23.0,10.1,23.5,4.8,12.6,6.7,7.8,3.5,10.4,13.9,3.5,1.5,1.5,3.7,4.0,31.7,119.7,91.9,1.075,0.878,0.54,0.312,0.669,0.437,5.0,3
2023,6,ORL,Anthony Black,19.43,Arkansas,201,89,0,1,G,36.0,100.0,34.9,4.1,9.1,0.453,0.8,2.6,0.301,3.7,5.3,0.705,3.8,1.3,5.1,3.9,2.1,0.6,3.0,2.6,12.8,17.2,0.549,0.283,0.578,492.0,4.3,12.6,8.5,20.6,3.4,1.8,20.6,20.9,1.8,2.4,4.2,0.133,2.8,3.9,6.7,4.7,10.5,0.9,3.0,4.3,6.1,1.4,4.4,5.8,4.5,2.4,0.7,3.5,3.0,14.7,6.8,14.9,1.3,4.2,6.1,8.6,2.0,6.2,8.3,6.4,3.4,1.0,4.9,4.2,20.9,104.9,96.9,1.0,0.703,0.286,0.155,0.543,0.443,4,5.0
2023,8,WAS,Jarace Walker,19.81,Houston,203,108,0,1,F,36.0,97.22,27.6,4.4,9.4,0.465,1.0,2.8,0.347,1.5,2.2,0.663,4.5,2.3,6.8,1.8,1.0,1.3,1.5,2.1,11.2,22.1,0.534,0.297,0.235,401.0,9.6,18.2,14.0,12.5,2.2,6.3,12.3,22.4,2.4,2.8,5.2,0.211,4.5,4.4,8.8,6.4,13.7,1.4,4.1,2.1,3.2,3.3,6.6,9.9,2.6,1.4,1.9,2.1,3.0,16.3,9.8,21.1,2.2,6.3,3.3,5.0,5.1,10.1,15.2,4.0,2.2,2.9,3.3,4.6,25.1,114.5,87.1,1.016,0.728,0.298,0.159,0.537,0.532,1,5.0
2023,9,UTA,Taylor Hendricks,19.59,Central Florida,206,95,0,1,F,34.0,100.0,34.7,5.4,11.3,0.478,1.8,4.6,0.394,2.5,3.2,0.782,4.6,2.4,7.0,1.4,0.9,1.7,1.4,2.0,15.1,22.5,0.589,0.403,0.286,474.0,8.1,16.2,12.1,8.6,1.6,6.2,9.9,21.2,3.5,2.2,5.7,0.195,5.4,2.5,7.9,6.2,13.1,2.1,5.3,2.9,3.7,2.7,5.3,8.0,1.6,1.1,2.0,1.6,2.3,17.5,9.4,19.8,3.1,8.0,4.4,5.6,4.1,8.1,12.2,2.4,1.6,3.0,2.5,3.5,26.4,122.5,97.2,0.869,0.825,0.407,0.237,0.627,0.461,5,5.0
2023,10,DAL,Cason Wallace,19.63,Kentucky,193,87,1,1,G,32.0,100.0,32.2,4.3,9.8,0.446,1.4,4.0,0.346,1.7,2.2,0.757,2.8,0.9,3.7,4.3,2.0,0.5,2.1,2.4,11.7,18.5,0.543,0.407,0.224,389.0,3.3,10.2,6.7,24.3,3.7,1.6,16.3,19.9,2.2,1.6,3.9,0.15,3.6,4.2,7.7,5.4,12.1,1.7,4.9,2.1,2.7,1.2,3.5,4.6,5.3,2.4,0.6,2.6,3.0,14.6,8.1,18.1,2.6,7.4,3.1,4.1,1.7,5.2,6.9,7.9,3.7,0.9,3.9,4.5,21.8,113.8,100.5,1.491,0.734,0.408,0.221,0.593,0.451,5,10
2023,11,ORL,Jett Howard,19.78,Michigan,203,97,1,1,G,29.0,100.0,31.8,4.7,11.4,0.414,2.7,7.3,0.368,2.1,2.6,0.8,2.6,0.3,2.8,2.0,0.4,0.7,1.3,2.2,14.2,16.7,0.562,0.64,0.227,376.0,1.0,8.7,5.0,12.9,0.8,2.1,9.2,23.0,2.1,1.0,3.0,0.132,4.2,1.0,5.2,5.9,14.4,3.4,9.2,2.6,3.3,0.3,3.2,3.6,2.6,0.5,0.8,1.6,2.8,17.9,8.8,21.3,5.0,13.6,3.9,4.8,0.5,4.8,5.3,3.8,0.8,1.2,2.4,4.1,26.5,113.1,106.2,1.402,0.778,0.64,0.36,0.627,0.478,4,5.0
2023,12,OKC,Dereck Lively II,19.36,Duke,216,104,0,1,C,34.0,79.41,20.6,2.3,3.4,0.658,0.1,0.4,0.154,0.6,1.0,0.6,3.3,2.1,5.4,1.1,0.5,2.4,0.7,2.7,5.2,22.6,0.662,0.111,0.299,191.0,12.4,17.8,15.2,9.8,1.5,12.7,14.7,11.6,1.8,1.7,3.5,0.201,2.5,6.8,9.3,4.4,6.7,0.1,0.7,1.2,2.0,4.1,6.4,10.5,2.1,1.0,4.7,1.3,5.3,10.1,6.7,10.2,0.2,1.1,1.8,3.1,6.3,9.8,16.0,3.2,1.5,7.2,2.0,8.0,15.4,133.9,91.1,0.667,0.871,0.118,0.073,0.422,0.481,10,10
2023,13,TOR,Gradey Dick,19.59,Kansas,203,92,0,1,G,36.0,100.0,32.7,4.8,10.9,0.442,2.3,5.7,0.403,2.1,2.5,0.854,4.0,1.1,5.1,1.7,1.4,0.3,1.3,2.1,14.1,18.4,0.581,0.523,0.226,456.0,4.0,13.5,8.9,9.4,2.5,0.8,9.4,20.5,2.8,2.1,4.9,0.165,4.9,2.9,7.7,5.9,13.4,2.8,7.0,2.6,3.0,1.4,4.9,6.3,2.0,1.8,0.3,1.5,2.6,17.2,8.4,19.1,4.0,10.0,3.7,4.3,1.9,7.0,9.0,2.9,2.5,0.4,2.2,3.7,24.6,117.2,98.5,1.0,0.839,0.523,0.304,0.674,0.453,10,9
2023,14,NOP,Jordan Hawkins,21.16,UConn,196,83,0,2,G,37.0,100.0,29.4,4.9,12.0,0.409,2.9,7.6,0.388,3.4,3.8,0.887,2.8,1.0,3.8,1.3,0.7,0.5,1.4,2.2,16.2,20.2,0.584,0.631,0.317,511.0,3.9,10.8,7.4,8.2,1.4,1.8,8.9,25.4,3.8,1.9,5.7,0.211,6.4,1.9,8.3,6.7,16.4,4.0,10.3,4.6,5.2,1.3,3.8,5.2,1.7,1.0,0.7,1.8,3.0,22.0,9.8,24.0,5.9,15.1,6.7,7.6,1.9,5.6,7.5,2.5,1.4,1.0,2.7,4.4,32.2,124.1,98.5,0.921,0.866,0.633,0.369,0.687,0.423,1,5.0
2023,15,ATL,Kobe Bufkin,19.76,Michigan,193,79,0,2,G,33.0,100.0,34.0,5.2,10.9,0.482,1.3,3.7,0.355,2.2,2.6,0.849,3.8,0.8,4.5,2.9,1.3,0.7,1.9,2.4,14.0,19.2,0.578,0.337,0.24,454.0,2.6,12.0,7.5,17.4,2.3,2.1,13.8,21.8,2.5,1.7,4.1,0.148,3.5,3.3,6.7,6.2,12.8,1.5,4.3,2.6,3.1,0.9,4.4,5.3,3.4,1.5,0.8,2.3,2.9,16.5,9.2,19.0,2.3,6.4,3.9,4.6,1.3,6.6,7.9,5.1,2.3,1.2,3.4,4.2,24.4,112.8,101.6,1.261,0.757,0.339,0.195,0.651,0.409,5,5.0
2023,16,UTA,Keyonte George,19.63,Baylor,193,83,0,1,G,33.0,100.0,28.6,4.7,12.5,0.376,2.3,6.9,0.338,3.6,4.5,0.793,3.2,1.0,4.2,2.8,1.1,0.2,2.9,2.1,15.3,17.8,0.524,0.553,0.364,492.0,4.2,13.6,8.8,20.1,2.3,0.7,16.4,30.8,1.8,1.1,2.9,0.125,4.5,1.1,5.6,6.6,17.5,3.3,9.7,5.0,6.4,1.4,4.4,5.8,3.9,1.6,0.3,4.0,3.0,21.4,9.7,25.8,4.8,14.3,7.4,9.4,2.1,6.5,8.6,5.7,2.3,0.4,5.9,4.4,31.6,105.1,104.9,1.226,0.695,0.552,0.29,0.611,0.43,5,6
2023,17,LAL,Jalen Hood-Schifino,20.02,Indiana,198,96,0,1,G,32.0,100.0,33.1,5.3,12.6,0.417,1.2,3.5,0.333,1.8,2.4,0.776,3.7,0.4,4.1,3.7,0.8,0.3,2.8,2.4,13.5,13.0,0.492,0.275,0.189,433.0,1.6,12.0,7.2,20.2,1.4,0.8,16.9,25.7,0.6,1.3,1.9,0.071,0.4,0.3,0.7,6.4,15.2,1.4,4.2,2.2,2.9,0.5,4.5,5.0,4.4,1.0,0.3,3.4,2.9,16.3,9.3,22.3,2.0,6.1,3.3,4.2,0.8,6.5,7.3,6.5,1.4,0.4,4.9,4.3,23.9,95.8,104.3,1.195,0.634,0.278,0.135,0.599,0.485,3,6
2023,18,MIA,Jaime Jaquez Jr.,22.35,UCLA,198,99,0,4,G,37.0,100.0,33.2,7.1,14.7,0.481,0.9,2.8,0.317,2.8,3.6,0.77,5.6,2.6,8.2,2.4,1.5,0.6,1.8,1.9,17.8,25.7,0.543,0.192,0.249,635.0,9.0,20.3,14.6,14.6,2.8,2.2,9.9,27.9,3.8,3.3,7.1,0.23,6.7,4.0,10.7,8.5,17.7,1.1,3.4,3.4,4.4,3.1,6.8,9.9,2.8,1.9,0.7,2.2,2.2,21.4,12.6,26.3,1.6,5.0,5.0,6.5,4.6,10.1,14.7,4.2,2.8,1.1,3.2,3.3,31.9,115.2,88.9,1.475,0.767,0.19,0.104,0.589,0.5,10,8
2023,19,GSW,Brandin Podziemski,20.33,Santa Clara,196,90,0,2,G,32.0,100.0,36.0,6.9,14.4,0.483,2.5,5.8,0.438,3.5,4.5,0.771,7.0,1.8,8.8,3.7,1.8,0.5,2.3,1.9,19.9,26.4,0.602,0.402,0.313,620.0,5.6,21.6,13.7,20.5,2.8,1.4,12.1,25.6,4.2,2.0,6.2,0.215,7.9,2.7,10.6,7.7,16.0,2.8,6.4,3.9,5.0,2.0,7.7,9.7,4.1,2.0,0.5,2.5,2.1,22.1,10.8,22.4,3.9,9.0,5.4,7.0,2.8,10.9,13.7,5.7,2.8,0.7,3.6,3.0,31.0,121.9,99.0,1.694,0.863,0.403,0.242,0.638,0.459,9,5.0
2023,20,HOU,Cam Whitmore,18.96,Villanova,201,105,0,1,F,26.0,76.92,27.3,4.7,9.8,0.478,1.4,4.2,0.343,1.7,2.5,0.703,4.5,0.8,5.3,0.7,1.4,0.3,1.6,1.7,12.5,20.5,0.571,0.424,0.251,288.0,3.7,20.3,12.1,6.4,3.2,1.6,12.8,25.6,1.1,1.2,2.3,0.13,3.7,2.5,6.2,6.9,14.4,2.1,6.1,2.5,3.6,1.2,6.6,7.8,1.1,2.1,0.5,2.4,2.5,18.4,10.6,22.1,3.2,9.4,3.9,5.6,1.8,10.2,12.0,1.6,3.2,0.8,3.6,3.8,28.3,105.4,100.0,0.5,0.719,0.429,0.242,0.559,0.522,2,7
2023,21,BRK,Noah Clowney,18.95,Alabama,208,95,0,1,F,36.0,100.0,25.4,3.4,7.0,0.486,0.9,3.3,0.283,2.0,3.1,0.649,5.8,2.1,7.9,0.8,0.6,0.9,1.3,2.5,9.8,18.6,0.576,0.474,0.439,336.0,8.7,21.4,15.5,5.8,1.3,3.4,13.1,18.0,1.9,2.4,4.3,0.189,3.7,4.5,8.3,5.4,11.1,1.5,5.2,3.1,4.9,3.3,9.2,12.5,1.3,0.9,1.5,2.0,3.9,15.4,7.4,15.2,2.0,7.2,4.3,6.7,4.5,12.6,17.2,1.7,1.3,2.0,2.8,5.4,21.2,116.7,89.8,0.443,0.856,0.471,0.273,0.503,0.457,5.0,3
2023,22,BRK,Dariq Whitehead,18.9,Duke,201,99,0,1,F,28.0,25.0,20.6,3.0,7.0,0.421,1.5,3.5,0.429,0.8,1.0,0.793,2.0,0.5,2.4,1.0,0.8,0.2,1.4,1.5,8.3,14.1,0.548,0.497,0.147,200.0,2.7,10.6,6.8,9.3,2.2,1.1,15.6,22.4,0.7,1.0,1.7,0.117,1.6,2.3,4.0,5.8,13.7,2.9,6.8,1.6,2.0,0.9,3.8,4.7,1.9,1.5,0.4,2.7,2.9,16.0,8.8,20.8,4.4,10.4,2.4,3.1,1.4,5.8,7.2,2.9,2.2,0.6,4.1,4.4,24.4,104.1,99.7,0.596,0.714,0.5,0.272,0.647,0.493,5.0,10
2023,23,POR,Kris Murray,22.85,Iowa,203,97,1,3,F,29.0,100.0,34.9,7.5,15.7,0.476,2.3,6.8,0.335,3.0,4.1,0.729,5.2,2.8,7.9,2.0,1.0,1.2,1.5,2.1,20.2,25.9,0.572,0.432,0.259,535.0,8.5,17.8,12.9,11.7,1.7,3.3,7.9,27.0,3.6,1.1,4.7,0.187,8.4,0.5,8.9,8.6,18.0,2.6,7.8,3.4,4.7,3.2,5.9,9.1,2.3,1.2,1.3,1.7,2.4,23.2,12.3,25.9,3.8,11.2,4.9,6.7,4.5,8.5,13.1,3.3,1.7,1.9,2.5,3.5,33.3,120.7,105.7,1.481,0.859,0.433,0.247,0.571,0.478,2,5.0
2023,24,SAC,Olivier-Maxence Prosper,20.98,Marquette,203,98,0,3,G,36.0,100.0,29.1,4.2,8.1,0.512,1.1,3.2,0.339,3.1,4.2,0.735,3.0,1.7,4.7,0.7,0.9,0.1,1.4,2.3,12.5,17.9,0.617,0.392,0.515,412.0,7.0,12.3,9.7,3.9,1.8,0.5,12.1,20.3,2.7,1.3,4.0,0.152,2.9,0.3,3.2,5.7,11.2,1.5,4.4,4.2,5.8,2.3,4.1,6.4,0.9,1.3,0.2,1.9,3.2,17.2,8.3,16.1,2.1,6.3,6.1,8.3,3.4,5.9,9.2,1.3,1.8,0.3,2.8,4.6,24.8,119.2,104.2,0.322,0.847,0.395,0.242,0.577,0.483,1,5
2023,25,MEM,Marcus Sasser,22.76,Houston,185,86,3,4,G,36.0,100.0,30.8,5.3,12.1,0.438,2.7,6.9,0.384,3.6,4.2,0.848,2.5,0.4,2.8,3.1,1.6,0.2,1.6,1.5,16.8,24.9,0.597,0.576,0.348,552.0,1.4,8.9,5.2,19.6,3.2,0.7,10.1,26.1,4.6,2.6,7.2,0.261,7.7,4.3,12.0,6.9,15.7,3.5,9.0,4.6,5.5,0.5,3.2,3.7,4.0,2.1,0.2,2.1,2.0,21.8,10.6,24.2,5.3,13.9,7.1,8.4,0.7,5.0,5.7,6.2,3.2,0.3,3.2,3.1,33.6,126.6,91.9,1.941,0.835,0.57,0.344,0.662,0.465,7,5.0
2023,26,IND,Ben Sheppard,21.94,Belmont,198,83,0,4,G,32.0,100.0,34.4,6.8,14.2,0.475,2.5,6.0,0.415,2.8,4.2,0.684,4.6,0.6,5.2,2.9,1.4,0.2,2.2,2.1,18.8,21.8,0.582,0.424,0.292,558.0,2.2,15.4,9.0,16.9,2.3,0.5,11.9,27.7,3.0,1.4,4.3,0.158,4.0,-0.4,3.6,7.9,16.5,2.9,7.0,3.3,4.8,0.7,5.3,6.1,3.4,1.6,0.2,2.5,2.4,21.9,11.4,24.0,4.2,10.2,4.8,7.0,1.1,7.7,8.8,4.9,2.3,0.3,3.7,3.5,31.8,112.8,104.2,1.42,0.791,0.423,0.247,0.576,0.419,8,3
2023,27,CHO,Nick Smith Jr.,19.18,Arkansas,196,83,0,1,G,17.0,82.35,25.8,4.5,11.9,0.376,1.4,4.2,0.338,2.2,2.9,0.74,1.4,0.2,1.6,1.7,0.8,0.1,1.6,1.5,12.5,13.0,0.472,0.351,0.248,194.0,1.1,6.3,3.8,13.5,1.8,0.5,10.7,28.7,0.3,0.6,0.9,0.082,1.0,-0.3,0.7,6.9,18.4,2.2,6.5,3.4,4.6,0.4,2.2,2.6,2.6,1.3,0.2,2.5,2.4,19.5,9.9,26.3,3.1,9.2,4.8,6.5,0.5,3.1,3.6,3.8,1.8,0.3,3.5,3.4,27.7,97.3,103.4,1.262,0.679,0.353,0.166,0.579,0.423,5.0,5.0
2023,28,UTA,Brice Sensabaugh,19.65,Ohio State,198,106,0,1,F,33.0,63.64,24.5,6.0,12.4,0.48,1.8,4.5,0.405,2.5,3.0,0.83,4.1,1.3,5.4,1.2,0.5,0.4,2.0,2.5,16.3,26.4,0.587,0.361,0.244,478.0,6.2,18.9,12.8,11.0,1.3,1.7,12.8,34.0,2.8,1.0,3.8,0.187,7.8,0.8,8.6,9.7,20.3,3.0,7.3,4.1,4.9,2.1,6.7,8.8,1.9,0.9,0.6,3.3,4.1,26.6,14.8,30.7,4.5,11.1,6.2,7.5,3.1,10.1,13.3,2.8,1.3,1.0,5.0,6.1,40.3,113.8,103.9,0.859,0.782,0.363,0.212,0.66,0.535,5,6
2023,29,IND,Julian Strawther,21.19,Gonzaga,201,92,0,3,G,37.0,100.0,31.2,5.1,10.9,0.469,2.2,5.3,0.408,2.8,3.6,0.776,5.5,0.8,6.2,1.3,0.8,0.4,1.5,2.1,15.2,19.7,0.602,0.484,0.331,500.0,3.0,19.7,11.7,6.7,1.5,1.5,10.7,22.2,3.2,1.6,4.8,0.165,4.9,0.9,5.8,6.6,14.0,2.8,6.8,3.6,4.6,1.0,7.0,8.0,1.7,1.1,0.6,1.9,2.7,19.5,9.2,19.5,3.9,9.5,5.0,6.5,1.4,9.8,11.1,2.4,1.5,0.8,2.7,3.8,27.2,119.7,102.9,0.626,0.878,0.486,0.291,0.629,0.458,8,6
2023,30,LAC,Kobe Brown,23.48,Missouri,201,108,0,4,F,34.0,100.0,29.6,5.7,10.3,0.553,1.5,3.3,0.455,2.9,3.7,0.792,4.6,1.8,6.4,2.5,1.5,0.4,1.6,2.5,15.8,27.0,0.655,0.319,0.356,517.0,7.3,18.3,12.8,16.9,2.8,1.9,12.0,23.6,4.1,1.2,5.3,0.213,8.0,1.0,8.9,7.7,14.0,2.0,4.5,3.9,5.0,2.4,6.2,8.6,3.4,2.0,0.6,2.2,3.3,21.4,11.0,20.0,2.9,6.4,5.6,7.1,3.5,8.8,12.3,4.9,2.8,0.9,3.2,4.8,30.6,128.5,104.4,1.408,0.907,0.32,0.209,0.657,0.537,2,3
2023,32,IND,Jalen Pickett,23.67,Penn State,193,91,0,5,G,37.0,100.0,36.6,7.0,13.8,0.508,1.2,3.2,0.381,2.4,3.2,0.763,6.2,1.2,7.4,6.6,0.9,0.5,2.3,2.1,17.7,26.6,0.577,0.23,0.23,755.0,4.0,19.6,12.2,39.2,1.6,1.6,12.9,27.3,5.5,1.8,7.3,0.215,8.0,2.9,10.9,7.7,15.1,1.3,3.5,2.7,3.5,1.3,6.8,8.1,7.2,1.0,0.6,2.5,2.3,19.4,11.9,23.5,2.1,5.4,4.1,5.4,2.0,10.6,12.6,11.2,1.6,0.9,3.9,3.5,30.1,120.3,103.1,3.039,0.711,0.232,0.133,0.61,0.472,8,5.0
2023,34,CHO,Colby Jones,21.08,Xavier,196,88,0,3,G,36.0,100.0,34.0,5.8,11.3,0.509,1.3,3.3,0.378,2.3,3.4,0.653,4.5,1.3,5.7,4.4,1.3,0.6,2.3,2.1,15.0,19.8,0.58,0.292,0.305,547.0,4.4,14.4,9.7,22.4,2.1,1.6,15.3,21.9,3.0,1.6,4.6,0.15,4.8,2.5,7.3,6.8,13.3,1.5,3.9,2.6,4.1,1.5,5.3,6.7,5.2,1.5,0.7,2.7,2.5,17.7,9.4,18.5,2.0,5.4,3.7,5.6,2.0,7.3,9.4,7.2,2.1,0.9,3.8,3.5,24.5,114.7,103.5,1.464,0.808,0.292,0.169,0.543,0.449,5.0,4
2023,35,BOS,Julian Phillips,19.64,Tennessee,203,89,0,1,F,32.0,78.12,24.1,2.5,6.0,0.411,0.3,1.4,0.239,3.0,3.7,0.822,2.9,1.8,4.7,1.4,0.6,0.5,1.3,1.8,8.3,16.6,0.536,0.24,0.615,272.0,8.4,13.9,11.1,11.4,1.6,2.9,14.2,19.1,1.6,1.9,3.5,0.183,2.0,3.8,5.7,4.1,10.0,0.6,2.4,5.0,6.1,3.0,4.8,7.8,2.4,1.0,0.9,2.1,2.9,13.8,6.2,15.1,0.9,3.6,7.6,9.3,4.5,7.3,11.8,3.6,1.6,1.3,3.2,4.4,21.0,114.4,91.1,0.803,0.723,0.233,0.129,0.589,0.438,9,5
2023,36,ORL,Andre Jackson Jr.,21.61,UConn,198,95,0,3,G,36.0,86.11,29.1,2.6,5.9,0.432,0.7,2.5,0.281,0.9,1.3,0.646,4.3,1.9,6.2,4.7,1.1,0.5,2.0,2.8,6.7,15.0,0.509,0.418,0.225,328.0,7.6,16.7,12.3,26.6,2.2,1.8,23.1,14.4,1.8,2.3,4.0,0.154,2.8,5.1,7.9,3.5,8.1,1.0,3.4,1.2,1.8,2.6,6.0,8.5,6.5,1.5,0.7,2.7,3.9,9.2,5.1,11.9,1.4,5.0,1.7,2.7,3.7,8.7,12.5,9.4,2.2,1.0,4.0,5.6,13.4,112.8,94.3,1.152,0.639,0.424,0.213,0.5,0.48,4,5.0
2023,37,OKC,Hunter Tyson,23.03,Clemson,203,97,0,5,F,34.0,100.0,34.7,5.1,10.6,0.479,2.4,6.0,0.405,2.7,3.3,0.838,8.3,1.3,9.6,1.5,0.9,0.1,1.0,1.8,15.3,22.2,0.631,0.571,0.309,476.0,4.7,26.2,16.2,8.3,1.6,0.4,7.8,20.1,3.8,2.3,6.0,0.205,6.1,2.0,8.1,5.8,12.2,2.8,6.9,3.2,3.8,1.5,9.5,11.0,1.7,1.1,0.1,1.2,2.0,17.6,8.6,17.9,4.1,10.2,4.6,5.5,2.2,14.0,16.2,2.5,1.6,0.2,1.7,3.0,25.9,126.7,96.9,1.064,0.876,0.566,0.36,0.665,0.478,10,3
2023,38,SAC,Jordan Walsh,19.31,Arkansas,201,92,0,1,F,36.0,61.11,24.4,2.6,6.0,0.433,0.6,2.0,0.278,1.3,1.8,0.712,2.7,1.2,3.9,0.9,1.1,0.5,1.0,2.9,7.1,12.8,0.513,0.332,0.304,253.0,5.8,12.9,9.4,6.7,2.6,2.0,13.0,16.2,1.0,1.6,2.5,0.115,0.5,3.3,3.8,4.3,9.9,0.9,3.3,2.1,3.0,2.0,4.5,6.4,1.5,1.8,0.8,1.7,4.8,11.6,6.1,14.1,1.3,4.7,3.0,4.3,2.8,6.4,9.1,2.1,2.6,1.1,2.4,6.8,16.5,105.7,98.2,0.515,0.716,0.333,0.17,0.538,0.458,1,5.0
2023,39,CHO,Mouhamed Gueye,20.62,Washington State,211,95,0,2,F,33.0,100.0,32.1,5.6,11.5,0.488,0.3,1.2,0.275,2.7,4.0,0.674,5.0,3.4,8.4,1.9,0.8,0.8,2.3,2.8,14.3,21.5,0.532,0.105,0.346,483.0,12.2,19.3,15.7,14.0,1.6,2.8,14.8,26.0,2.3,1.7,4.0,0.152,3.6,1.6,5.1,7.0,14.4,0.4,1.5,3.4,5.0,4.2,6.2,10.4,2.3,1.0,1.1,2.9,3.5,17.8,10.9,22.2,0.6,2.3,5.2,7.7,6.5,9.6,16.1,3.6,1.6,1.6,4.5,5.4,27.5,108.8,100.1,0.946,0.685,0.104,0.056,0.514,0.45,5.0,3
2023,40,DEN,Maxwell Lewis,20.91,Pepperdine,201,88,0,2,F,31.0,100.0,31.4,6.1,13.0,0.468,1.5,4.3,0.348,3.5,4.4,0.787,4.5,1.2,5.7,2.8,0.8,0.8,3.3,2.7,17.1,18.7,0.567,0.328,0.338,511.0,4.4,15.4,10.1,17.2,1.4,2.5,17.9,28.2,1.7,0.8,2.4,0.1,1.8,-0.1,1.8,7.7,16.5,1.9,5.4,4.4,5.6,1.5,5.7,7.2,3.6,1.1,1.0,4.2,3.5,21.7,10.4,22.3,2.6,7.3,5.9,7.6,2.1,7.7,9.8,4.8,1.4,1.4,5.7,4.7,29.4,104.3,108.8,0.961,0.77,0.331,0.186,0.611,0.438,7,5.0
2023,41,CHO,Amari Bailey,19.35,UCLA,196,83,0,1,G,30.0,93.33,26.9,4.5,9.1,0.495,0.7,1.8,0.389,1.5,2.1,0.698,3.0,0.8,3.8,2.2,1.1,0.3,2.4,1.7,11.2,16.4,0.553,0.198,0.231,316.0,3.6,13.2,8.3,15.2,2.5,1.4,19.4,23.7,0.9,1.9,2.7,0.136,1.7,3.3,5.0,6.7,13.5,1.0,2.7,2.2,3.1,1.2,4.4,5.6,3.2,1.7,0.4,3.6,2.5,16.6,9.9,20.1,1.5,4.0,3.2,4.6,1.8,6.6,8.4,4.8,2.5,0.7,5.4,3.8,24.7,101.0,92.8,0.784,0.7,0.198,0.109,0.574,0.423,5.0,8
2023,45,MEM,GG Jackson II,18.52,South Carolina,206,97,0,1,F,32.0,90.62,31.9,5.5,14.4,0.384,1.7,5.3,0.324,2.6,3.9,0.677,4.4,1.5,5.9,0.8,0.8,0.8,2.7,1.5,15.4,14.9,0.474,0.369,0.269,444.0,5.4,17.0,10.9,6.6,1.4,2.8,14.2,30.8,0.3,0.7,1.0,0.04,1.2,-1.3,-0.1,6.9,18.1,2.2,6.7,3.3,4.9,1.9,5.5,7.4,1.1,0.9,1.0,3.4,1.9,19.3,10.6,27.7,3.3,10.2,5.1,7.5,2.9,8.5,11.4,1.6,1.4,1.6,5.2,2.9,29.6,93.3,109.8,0.465,0.627,0.368,0.175,0.536,0.471,7,3
2023,46,ATL,Seth Lundy,23.23,Penn State,198,99,0,4,F,36.0,100.0,31.7,4.6,10.2,0.45,2.6,6.4,0.4,2.4,3.0,0.807,5.3,0.9,6.3,0.9,0.8,0.6,0.9,2.2,14.2,21.1,0.609,0.627,0.297,456.0,3.7,19.3,11.9,5.4,1.5,2.0,6.9,22.3,3.3,1.5,4.8,0.168,6.4,1.3,7.7,5.8,12.9,3.2,8.1,3.1,3.8,1.2,6.7,7.9,1.1,0.9,0.7,1.1,2.8,17.9,9.0,20.0,5.0,12.5,4.8,5.9,1.8,10.5,12.3,1.7,1.5,1.1,1.7,4.3,27.8,120.0,103.1,0.783,0.803,0.627,0.382,0.644,0.5,5,5.0
2023,48,LAC,Jordan Miller,23.42,Miami (FL),198,91,0,5,G,37.0,100.0,35.0,5.9,10.8,0.545,0.9,2.5,0.352,2.6,3.4,0.784,4.2,2.1,6.2,2.7,1.2,0.4,1.3,1.7,15.3,23.0,0.616,0.228,0.313,563.0,7.2,14.0,10.7,14.1,2.0,1.3,9.6,19.9,4.7,1.3,6.0,0.186,6.0,1.5,7.6,6.7,12.4,1.0,2.8,3.0,3.9,2.3,4.8,7.1,3.1,1.4,0.5,1.5,1.9,17.5,9.8,17.9,1.4,4.1,4.4,5.6,3.4,6.9,10.3,4.4,2.0,0.7,2.2,2.8,25.4,130.0,106.5,1.469,0.879,0.231,0.14,0.611,0.46,2,3
2023,49,CLE,Emoni Bates,19.41,Eastern Michigan,206,86,0,2,F,30.0,96.67,33.8,6.4,15.9,0.405,2.5,7.7,0.33,3.8,4.9,0.782,5.1,0.7,5.8,1.4,0.7,0.5,2.5,2.3,19.2,18.6,0.528,0.482,0.308,527.0,2.3,18.1,10.0,9.2,1.2,1.8,12.2,31.1,1.6,0.2,1.8,0.07,2.3,-3.1,-0.7,7.6,18.8,3.0,9.1,4.5,5.8,0.8,6.0,6.8,1.7,0.9,0.6,3.0,2.7,22.8,10.8,26.8,4.3,12.9,6.5,8.2,1.1,8.6,9.7,2.4,1.2,0.9,4.3,3.8,32.4,102.2,115.1,0.754,0.733,0.484,0.254,0.601,0.417,8,5.0
2023,50,OKC,Keyontae Johnson,23.09,Kansas State,196,103,0,5,F,36.0,100.0,34.1,6.6,12.7,0.516,1.3,3.2,0.405,3.0,4.2,0.715,5.3,1.5,6.8,2.1,1.0,0.2,2.9,2.4,17.4,18.8,0.593,0.254,0.33,563.0,5.4,17.8,11.8,13.5,1.7,0.6,16.7,25.8,2.4,2.1,4.5,0.145,3.8,1.9,5.7,7.7,14.9,1.5,3.8,3.5,4.9,1.8,6.2,8.0,2.5,1.2,0.2,3.5,2.8,20.4,10.9,21.1,2.2,5.4,5.0,7.0,2.5,8.8,11.3,3.6,1.7,0.3,4.9,4.0,29.0,107.8,99.2,0.808,0.791,0.252,0.151,0.591,0.526,10,4
2023,51,BRK,Jalen Wilson,22.64,Kansas,203,97,0,4,F,36.0,100.0,35.4,6.9,16.0,0.43,1.9,5.8,0.337,4.4,5.5,0.799,6.7,1.6,8.3,2.2,0.9,0.5,2.3,2.1,20.1,21.0,0.54,0.362,0.346,667.0,5.2,20.8,13.3,12.5,1.5,1.4,11.1,29.7,2.9,2.4,5.3,0.168,5.4,1.9,7.3,7.8,18.1,2.2,6.5,5.0,6.2,1.8,7.6,9.3,2.5,1.1,0.5,2.6,2.4,22.7,11.1,25.7,3.1,9.3,7.1,8.9,2.5,10.8,13.3,3.5,1.5,0.8,3.8,3.4,32.4,108.7,97.4,1.126,0.764,0.362,0.195,0.614,0.478,5.0,9
2023,52,PHO,Toumani Camara,23.13,Dayton,203,99,0,4,F,34.0,100.0,30.0,5.2,9.6,0.546,0.9,2.4,0.363,2.6,3.9,0.669,6.3,2.3,8.6,1.7,1.2,0.8,2.1,2.6,13.9,25.0,0.609,0.245,0.408,446.0,10.2,23.2,17.3,13.4,2.6,3.2,15.4,24.8,2.8,2.7,5.5,0.216,4.0,3.1,7.1,7.0,12.8,1.1,3.1,3.5,5.2,3.1,8.4,11.5,2.3,1.6,1.1,2.8,3.5,18.6,11.0,20.1,1.8,4.9,5.5,8.2,4.9,13.3,18.2,3.6,2.6,1.7,4.4,5.5,29.3,115.3,89.5,0.87,0.75,0.25,0.149,0.547,0.488,5.0,4
2023,53,MIN,Jaylen Clark,21.7,UCLA,196,88,0,3,G,30.0,96.67,30.5,4.9,10.3,0.481,0.9,2.6,0.329,2.2,3.2,0.698,4.1,1.9,6.0,1.9,2.6,0.3,1.2,2.1,13.0,23.4,0.55,0.256,0.312,375.0,7.4,16.1,11.7,11.4,5.1,1.1,9.5,21.7,2.4,2.7,5.1,0.223,5.2,6.7,11.9,6.5,13.5,1.1,3.5,2.9,4.2,2.5,5.4,7.9,2.4,3.4,0.3,1.6,2.8,17.0,9.6,20.0,1.7,5.1,4.4,6.2,3.8,8.0,11.8,3.6,5.1,0.5,2.4,4.2,25.3,117.3,85.9,1.2,0.783,0.252,0.141,0.55,0.449,3,8
2023,54,SAC,Jalen Slawson,23.67,Furman University,201,95,0,5,F,36.0,100.0,30.7,5.4,9.6,0.556,1.1,2.9,0.394,3.7,4.8,0.775,5.3,1.8,7.1,3.2,1.5,1.5,2.6,2.8,15.6,26.8,0.654,0.3,0.499,560.0,6.9,20.2,13.6,19.9,2.9,5.3,17.8,24.0,3.9,2.2,6.1,0.22,4.8,2.8,7.6,7.0,12.6,1.5,3.8,4.9,6.3,2.3,6.9,9.2,4.2,2.0,2.0,3.4,3.7,20.3,10.1,18.1,2.1,5.4,7.0,9.0,3.3,10.0,13.3,6.0,2.9,2.9,4.9,5.3,29.3,122.1,96.6,1.118,0.846,0.302,0.196,0.623,0.473,1,5.0
2023,55,IND,Isaiah Wong,22.4,Miami (FL),190,81,0,4,G,37.0,100.0,33.4,5.2,11.6,0.445,1.6,4.3,0.384,4.1,4.9,0.845,3.3,1.1,4.3,3.2,1.4,0.4,2.1,1.8,16.2,21.3,0.578,0.369,0.42,591.0,3.9,11.5,7.8,17.1,2.4,1.2,13.0,24.3,3.8,1.3,5.1,0.165,4.8,1.3,6.1,6.2,13.9,2.0,5.1,4.9,5.9,1.3,3.9,5.2,3.8,1.6,0.5,2.5,2.2,19.3,9.0,20.2,2.9,7.5,7.2,8.5,1.8,5.7,7.5,5.5,2.4,0.7,3.6,3.1,28.0,118.9,106.5,1.315,0.794,0.371,0.213,0.661,0.426,8,3
2023,57,WAS,Trayce Jackson-Davis,23.34,Indiana,206,111,1,4,F,32.0,100.0,34.5,8.2,14.1,0.581,0.0,0.0,0.0,4.6,6.6,0.695,8.0,2.8,10.8,4.0,0.8,2.9,2.5,1.7,20.9,34.2,0.608,0.0,0.466,679.0,10.1,24.8,18.0,24.8,1.4,9.0,12.8,29.4,4.8,2.4,7.2,0.261,10.5,5.5,16.0,9.5,16.3,0.0,0.0,5.3,7.6,3.3,9.2,12.5,4.7,1.0,3.3,2.9,2.0,24.3,13.9,23.9,0.0,0.0,7.7,11.1,4.8,13.5,18.3,6.8,1.4,4.9,4.3,2.9,35.5,121.9,94.1,1.938,0.827,0.0,0.0,0.417,0.539,1,6
2023,58,MIL,Chris Livingston,19.69,Kentucky,198,99,0,1,F,34.0,76.47,22.4,2.3,5.4,0.429,0.5,1.7,0.305,1.1,1.6,0.722,3.1,1.1,4.2,0.7,0.4,0.4,0.9,1.7,6.3,12.1,0.513,0.321,0.293,204.0,5.7,16.2,10.8,5.5,1.2,1.7,12.9,15.7,0.9,1.0,1.9,0.1,1.0,1.6,2.6,4.1,9.7,0.9,3.1,2.0,2.8,2.0,5.5,7.5,1.3,0.8,0.6,1.6,3.0,11.3,6.2,14.5,1.4,4.6,3.1,4.2,3.0,8.2,11.2,1.9,1.2,0.9,2.4,4.5,16.9,108.6,103.9,0.426,0.72,0.315,0.165,0.555,0.5,6,10
2024,3,HOU,Reed Sheppard,20.0,Kentucky,190,84,1,1,G,33.0,15.15,28.9,4.3,8.0,0.536,2.3,4.4,0.521,1.6,2.0,0.831,3.8,0.4,4.1,4.5,2.5,0.7,2.0,1.9,12.5,23.6,0.699,0.548,0.247,421.0,1.5,13.3,7.7,24.1,4.6,2.5,18.3,18.0,3.0,1.4,4.5,0.188,6.4,5.0,11.4,5.9,11.0,3.1,6.0,2.3,2.7,0.5,5.2,5.7,6.2,3.4,1.0,2.8,2.6,17.2,8.0,14.9,4.3,8.2,3.1,3.7,0.7,7.0,7.7,8.4,4.6,1.3,3.7,3.6,23.3,129.4,103.1,1.317,0.956,0.55,0.383,0.707,0.442,2,10
2024,4,SAS,Stephon Castle,19.65,UConn,198,97,0,1,G,34.0,88.24,27.0,4.0,8.5,0.472,0.6,2.2,0.267,2.4,3.2,0.755,3.0,1.7,4.7,2.9,0.8,0.5,1.5,2.4,11.1,19.0,0.551,0.259,0.379,397.0,7.8,12.0,10.1,18.4,1.8,2.1,13.0,22.0,2.5,1.7,4.3,0.186,3.4,3.1,6.5,6.0,12.6,0.9,3.3,3.6,4.8,2.5,4.4,6.9,4.3,1.2,0.8,2.2,3.6,16.4,9.0,19.1,1.3,4.9,5.5,7.3,3.8,6.7,10.5,6.5,1.8,1.2,3.4,5.4,24.9,119.7,99.3,1.415,0.745,0.259,0.143,0.56,0.49,10,5.0
2024,7,POR,Donovan Clingan,20.34,UConn,218,120,0,2,C,35.0,94.29,22.5,5.3,8.3,0.639,0.1,0.2,0.25,2.3,4.0,0.583,4.9,2.5,7.4,1.5,0.5,2.5,0.8,2.0,13.0,34.8,0.637,0.027,0.478,420.0,13.8,23.5,19.0,13.5,1.4,11.4,7.3,25.1,3.8,2.2,6.0,0.302,8.8,6.2,15.0,9.4,14.8,0.1,0.4,4.1,7.1,4.4,8.7,13.1,2.7,0.9,4.4,1.4,3.6,23.1,14.3,22.4,0.2,0.6,6.2,10.7,6.7,13.1,19.8,4.1,1.4,6.6,2.2,5.5,35.0,135.3,89.4,1.849,0.92,0.024,0.017,0.45,0.55,2,5.0
2024,8,SAS,Rob Dillingham,19.47,Kentucky,188,77,0,1,G,32.0,3.12,23.3,5.4,11.3,0.475,2.0,4.5,0.444,2.4,3.1,0.796,2.7,0.3,2.9,3.9,1.0,0.1,2.0,2.6,15.2,23.5,0.595,0.398,0.271,475.0,1.2,11.8,6.8,29.7,2.4,0.3,13.5,30.3,2.6,0.7,3.3,0.174,5.6,0.7,6.2,9.2,19.4,3.4,7.7,4.2,5.3,0.4,4.6,5.0,6.6,1.8,0.1,3.4,4.5,26.1,12.5,26.3,4.6,10.5,5.7,7.1,0.6,6.2,6.8,9.0,2.4,0.1,4.6,6.1,35.3,118.0,109.8,2.2,0.861,0.398,0.237,0.655,0.41,10,10
2024,9,MEM,Zach Edey,22.12,Purdue,224,129,0,4,C,39.0,100.0,32.0,8.6,13.8,0.623,0.0,0.1,0.5,7.9,11.2,0.711,7.5,4.6,12.2,2.0,0.3,2.2,2.3,1.9,25.2,39.3,0.659,0.004,0.809,916.0,18.1,25.4,22.0,14.6,0.5,6.9,10.8,33.4,7.9,2.6,10.5,0.336,13.1,3.7,16.8,10.8,17.3,0.0,0.1,9.9,14.0,5.8,9.4,15.2,2.5,0.4,2.7,2.9,2.4,31.5,15.8,25.3,0.0,0.1,14.6,20.5,8.5,13.8,22.3,3.7,0.5,3.9,4.2,3.6,46.2,135.0,97.2,1.352,0.943,0.007,0.003,0.627,0.576,7,5
2024,10,UTA,Cody Williams,19.59,Colorado,203,86,1,1,F,24.0,75.0,28.4,4.5,8.1,0.552,0.7,1.7,0.415,2.3,3.2,0.714,2.3,0.7,3.0,1.6,0.6,0.7,2.0,2.0,11.9,15.7,0.62,0.211,0.397,256.0,3.2,9.1,6.4,10.2,1.3,2.4,17.2,20.8,1.2,0.8,2.0,0.118,2.4,1.5,3.9,6.3,11.4,1.0,2.4,3.2,4.5,1.0,3.2,4.2,2.2,0.9,0.9,2.8,2.8,16.8,9.1,16.5,1.4,3.5,4.7,6.6,1.4,4.7,6.1,3.2,1.3,1.4,4.1,4.1,24.3,112.0,106.6,0.593,0.808,0.21,0.131,0.594,0.424,5,3
2024,13,SAC,Devin Carter,22.27,Providence,190,85,1,3,G,33.0,100.0,35.3,6.6,14.0,0.473,2.5,6.8,0.377,3.9,5.2,0.749,7.7,1.0,8.7,3.6,1.8,1.0,2.7,1.9,19.7,25.6,0.597,0.482,0.369,619.0,3.4,23.7,14.0,23.3,2.9,2.8,14.1,28.1,3.3,2.7,6.0,0.206,7.3,5.0,12.3,7.5,15.9,2.9,7.7,4.4,5.9,1.1,8.7,9.8,4.1,2.0,1.1,3.1,2.2,22.3,11.0,23.2,4.2,11.2,6.4,8.6,1.7,12.7,14.4,6.0,2.9,1.6,4.5,3.2,32.6,115.2,94.5,1.652,0.794,0.486,0.288,0.6,0.447,1,5.0
2024,14,POR,Bub Carrington,18.93,Pitt,193,86,0,1,G,33.0,100.0,33.2,4.8,11.7,0.412,2.0,6.1,0.322,2.2,2.8,0.785,4.7,0.5,5.2,4.1,0.6,0.2,1.9,2.4,13.8,16.3,0.53,0.523,0.241,463.0,1.6,16.8,8.9,24.0,1.0,0.9,13.0,23.0,2.2,1.4,3.6,0.133,2.6,1.3,3.9,5.8,14.1,2.4,7.4,2.7,3.4,0.6,5.7,6.2,5.0,0.7,0.3,2.3,2.8,16.6,8.7,21.0,3.5,11.0,4.0,5.1,0.9,8.4,9.3,7.4,1.0,0.4,3.5,4.3,24.9,111.5,105.2,1.846,0.722,0.521,0.277,0.6,0.446,2,5.0
2024,15,MIA,Kel'el Ware,20.18,Indiana,213,95,0,2,C,30.0,100.0,32.2,6.3,10.7,0.586,0.6,1.3,0.425,2.8,4.5,0.634,7.8,2.1,9.9,1.5,0.6,1.9,1.6,2.0,15.9,25.0,0.621,0.125,0.417,434.0,7.9,26.0,17.5,9.9,1.1,6.5,10.9,22.9,2.7,1.5,4.2,0.175,5.8,2.7,8.5,7.8,13.3,0.7,1.7,3.5,5.6,2.6,9.7,12.3,1.9,0.7,2.3,1.9,2.5,19.8,11.2,19.2,1.0,2.4,5.1,8.0,3.8,13.9,17.7,2.7,1.1,3.3,2.8,3.6,28.6,120.3,102.3,0.908,0.865,0.121,0.078,0.55,0.446,10,6
2024,16,PHI,Jared McCain,20.34,Duke,190,89,0,1,G,36.0,100.0,31.6,4.9,10.5,0.462,2.4,5.8,0.414,2.1,2.4,0.885,4.2,0.8,5.0,1.9,1.1,0.1,1.3,1.6,14.3,19.4,0.611,0.554,0.23,461.0,3.1,15.2,9.3,11.0,2.0,0.2,10.1,21.1,3.3,1.9,5.2,0.182,6.0,2.6,8.5,6.2,13.3,3.1,7.4,2.7,3.1,1.0,5.3,6.4,2.4,1.3,0.1,1.7,2.0,18.1,9.2,19.9,4.6,11.0,4.0,4.6,1.5,8.0,9.5,3.6,2.0,0.1,2.5,3.0,26.9,124.0,101.2,1.089,0.858,0.552,0.338,0.697,0.468,3,10
2024,17,LAL,Dalton Knecht,23.18,Tennessee,198,89,0,3,G,36.0,100.0,30.6,7.3,16.0,0.458,2.6,6.5,0.397,4.4,5.7,0.772,4.1,0.8,4.9,1.8,0.7,0.6,1.7,1.8,21.7,24.4,0.578,0.406,0.357,660.0,2.8,14.3,8.7,13.4,1.3,2.4,8.3,32.7,3.7,2.0,5.7,0.207,8.5,2.8,11.3,9.6,21.0,3.4,8.5,5.8,7.5,1.0,5.4,6.4,2.4,0.9,0.8,2.2,2.3,28.4,13.7,29.9,4.8,12.1,8.2,10.7,1.4,7.7,9.1,3.4,1.3,1.2,3.2,3.3,40.4,117.6,100.1,1.614,0.869,0.406,0.235,0.622,0.449,3,5
2024,18,ORL,Tristan Da Silva,23.11,Colorado,203,90,0,4,F,34.0,100.0,33.8,5.8,11.8,0.493,1.9,4.8,0.395,2.5,3.0,0.835,4.1,0.9,5.1,2.4,1.1,0.6,1.8,2.0,16.0,19.8,0.606,0.405,0.258,497.0,3.6,13.7,9.0,13.4,2.0,1.7,12.0,22.5,3.1,1.6,4.7,0.164,5.0,2.2,7.1,6.9,13.9,2.2,5.6,3.0,3.6,1.1,4.9,6.0,2.9,1.4,0.7,2.1,2.4,18.9,9.9,20.2,3.2,8.2,4.3,5.2,1.6,7.1,8.7,4.1,2.0,1.0,3.1,3.4,27.4,120.0,104.0,1.117,0.84,0.407,0.245,0.659,0.443,4,3
2024,19,TOR,Ja'Kobe Walter,19.81,Baylor,196,88,0,1,G,35.0,100.0,32.3,4.1,10.9,0.376,2.1,6.3,0.341,4.1,5.2,0.792,3.1,1.3,4.4,1.4,1.1,0.2,1.3,2.1,14.5,17.1,0.541,0.574,0.478,479.0,5.3,12.0,8.7,8.1,2.0,0.8,9.1,23.4,3.0,1.2,4.2,0.149,4.6,1.2,5.8,5.1,13.5,2.7,7.8,5.1,6.5,1.7,3.8,5.5,1.8,1.3,0.3,1.7,2.5,18.0,7.6,20.3,4.0,11.6,7.7,9.7,2.5,5.7,8.2,2.6,2.0,0.4,2.5,3.8,26.9,119.2,107.8,0.89,0.769,0.578,0.311,0.612,0.449,10,6
2024,20,CLE,Jaylon Tyson,21.56,California,201,95,0,3,G,31.0,96.77,34.3,7.2,15.4,0.465,1.6,4.5,0.36,3.6,4.6,0.796,5.1,1.6,6.8,3.5,1.2,0.5,3.1,2.1,19.6,22.2,0.557,0.291,0.298,595.0,5.2,17.0,11.0,23.6,2.0,1.5,15.0,30.1,2.4,1.1,3.5,0.133,5.7,1.2,6.8,8.4,18.0,1.9,5.2,4.3,5.3,1.9,6.0,7.9,4.0,1.4,0.6,3.6,2.5,22.9,12.0,25.8,2.7,7.5,6.1,7.7,2.8,8.6,11.3,5.8,2.0,0.8,5.2,3.6,32.8,109.4,108.4,1.573,0.761,0.292,0.162,0.622,0.473,8,4
2024,21,NOP,Yves Missi,20.11,Baylor,208,106,0,1,F,34.0,94.12,22.9,4.1,6.7,0.614,0.0,0.0,0.0,2.5,4.1,0.616,3.0,2.6,5.6,0.4,0.6,1.5,1.1,2.4,10.7,24.7,0.622,0.0,0.605,346.0,14.6,16.4,15.5,3.4,1.5,7.3,11.7,21.8,2.6,1.2,3.7,0.191,5.0,2.4,7.4,7.2,11.7,0.0,0.0,4.4,7.1,4.6,5.2,9.8,0.7,1.0,2.6,2.0,4.2,18.7,10.7,17.5,0.0,0.0,6.5,10.6,6.8,7.8,14.7,1.0,1.5,3.9,3.0,6.2,28.0,125.8,103.2,0.291,0.858,0.0,0.0,0.37,0.51,1,6
2024,22,PHO,DaRon Holmes,21.86,Dayton,208,99,0,3,F,33.0,100.0,32.5,6.6,12.1,0.544,1.0,2.5,0.386,6.2,8.8,0.713,6.8,1.7,8.5,2.6,0.9,2.1,2.2,2.0,20.4,31.7,0.627,0.208,0.724,642.0,6.8,23.7,15.9,18.9,1.8,7.2,12.1,31.5,4.7,2.3,7.0,0.26,8.3,4.0,12.3,8.1,14.9,1.2,3.1,7.7,10.8,2.1,8.4,10.5,3.2,1.2,2.5,2.8,2.5,25.1,12.5,23.0,1.8,4.8,11.9,16.7,3.2,13.0,16.2,5.0,1.8,3.9,4.3,3.8,38.8,123.8,96.5,1.562,0.797,0.207,0.13,0.582,0.476,5.0,4
2024,24,NYK,Kyshawn George,20.54,Miami (FL),203,92,0,1,G,31.0,51.61,23.0,2.6,6.1,0.426,1.7,4.2,0.408,0.7,0.9,0.778,2.6,0.5,3.0,2.2,0.9,0.4,1.5,1.8,7.6,13.6,0.582,0.684,0.142,235.0,2.2,12.1,7.3,16.3,2.2,1.8,19.1,17.6,0.9,0.8,1.7,0.097,1.2,2.4,3.6,4.5,10.7,3.0,7.3,1.2,1.5,0.8,4.5,5.3,3.8,1.5,0.6,2.7,3.1,13.2,6.5,15.2,4.3,10.4,1.7,2.2,1.1,6.4,7.5,5.4,2.2,0.9,3.9,4.4,18.9,108.2,106.9,0.853,0.75,0.689,0.398,0.63,0.453,4,3
2024,26,WAS,Dillon Jones,22.66,Weber State,198,106,0,4,F,31.0,100.0,37.0,6.9,14.2,0.489,1.1,3.4,0.324,5.8,6.8,0.857,9.0,0.8,9.8,5.2,2.0,0.1,3.0,2.3,20.8,27.9,0.597,0.239,0.477,673.0,2.7,31.1,16.7,30.3,3.2,0.3,14.8,29.5,4.0,2.6,6.6,0.23,5.5,2.3,7.7,7.5,15.4,1.2,3.7,6.3,7.3,0.9,9.8,10.6,5.7,2.1,0.1,3.3,2.4,22.5,11.2,23.0,1.8,5.5,9.4,11.0,1.3,14.6,15.9,8.5,3.2,0.2,4.9,3.7,33.6,118.0,95.3,2.047,0.763,0.239,0.143,0.644,0.535,1,3
2024,27,MIN,Terrence Shannon Jr.,23.9,Illinois,198,95,0,5,G,32.0,96.88,33.9,6.8,14.4,0.475,2.4,6.7,0.362,6.9,8.6,0.801,3.2,0.8,4.0,2.3,1.0,0.9,2.0,2.2,23.0,26.9,0.622,0.462,0.599,662.0,2.7,9.9,6.4,12.9,1.7,2.3,9.8,29.2,5.0,1.3,6.4,0.235,8.9,2.7,11.5,8.1,17.0,2.8,7.9,8.1,10.2,1.0,3.8,4.7,2.7,1.2,1.0,2.4,2.6,27.1,11.5,24.3,4.1,11.2,11.6,14.5,1.4,5.4,6.7,3.8,1.7,1.5,3.4,3.7,38.7,129.4,106.1,1.316,0.928,0.465,0.287,0.625,0.48,3,5
2024,28,DEN,Ryan Dunn,21.46,Virginia,203,94,0,2,G,34.0,100.0,27.5,3.4,6.1,0.548,0.2,1.0,0.2,1.2,2.3,0.532,4.7,2.2,6.9,0.8,1.3,2.3,0.8,2.1,8.1,22.0,0.564,0.168,0.37,270.0,9.6,20.8,15.1,6.0,3.1,10.4,10.3,16.8,1.6,2.6,4.2,0.179,1.6,5.6,7.2,4.9,8.9,0.3,1.5,1.8,3.3,3.3,6.8,10.1,1.1,1.9,3.3,1.2,3.0,11.8,8.0,14.5,0.5,2.4,2.9,5.4,5.3,11.1,16.4,1.8,3.1,5.4,2.0,4.9,19.3,114.5,89.3,0.583,0.702,0.164,0.095,0.399,0.463,7,3
2024,29,UTA,Isaiah Collier,19.71,USC,196,95,0,1,G,27.0,96.3,30.0,5.7,11.6,0.49,1.0,3.0,0.338,3.9,5.8,0.673,2.3,0.6,2.9,4.3,1.5,0.2,3.3,2.4,16.3,19.3,0.567,0.255,0.497,434.0,2.5,8.6,5.6,30.9,2.8,0.8,18.7,29.7,1.4,0.8,2.2,0.11,3.2,1.0,4.2,7.6,15.5,1.3,4.0,5.2,7.7,0.8,3.0,3.9,5.7,2.0,0.3,4.4,3.2,21.8,10.9,22.3,1.9,5.7,7.5,11.1,1.2,4.3,5.5,8.2,2.8,0.4,6.3,4.5,31.2,105.7,108.6,1.652,0.734,0.259,0.145,0.539,0.485,5,5.0
2024,30,BOS,Baylor Scheierman,23.75,Creighton,198,81,0,5,G,35.0,100.0,36.8,6.3,14.0,0.448,3.1,8.3,0.381,2.8,3.2,0.876,8.3,0.7,9.0,3.9,0.9,0.1,2.2,1.7,18.5,21.9,0.596,0.591,0.231,630.0,2.6,23.3,14.0,19.9,1.5,0.3,12.6,25.5,3.8,2.4,6.1,0.191,6.7,3.1,9.8,6.8,15.2,3.4,9.0,3.1,3.5,0.8,9.0,9.8,4.3,1.0,0.2,2.4,1.8,20.1,10.1,22.5,5.1,13.3,4.6,5.2,1.2,13.3,14.5,6.3,1.5,0.2,3.6,2.7,29.8,118.3,99.5,1.579,0.788,0.593,0.352,0.678,0.409,9,5.0
2024,31,TOR,Jonathan Mogbo,22.66,San Francisco,203,102,0,2,F,34.0,100.0,28.9,6.1,9.5,0.636,0.0,0.1,0.0,2.1,3.1,0.692,6.8,3.3,10.1,3.6,1.6,0.8,1.8,2.6,14.2,31.2,0.648,0.006,0.321,533.0,14.5,29.3,22.0,24.5,3.2,3.5,13.8,22.7,4.4,2.6,6.9,0.283,7.0,4.1,11.1,8.4,13.2,0.0,0.1,2.9,4.2,4.6,9.5,14.1,5.1,2.2,1.1,2.4,3.6,19.7,12.3,19.3,0.0,0.1,4.3,6.2,6.7,13.8,20.6,7.4,3.2,1.7,3.6,5.3,28.8,132.3,91.1,1.775,0.868,0.011,0.004,0.415,0.502,10,3
2024,32,UTA,Kyle Filipowski,20.63,Duke,213,104,0,2,C,36.0,100.0,30.4,6.1,12.1,0.505,1.1,3.1,0.348,3.1,4.6,0.671,6.1,2.2,8.3,2.8,1.1,1.5,2.1,3.0,16.4,26.0,0.573,0.257,0.383,585.0,8.8,22.7,16.0,18.4,2.2,5.3,12.9,27.7,3.4,2.5,6.0,0.217,6.6,4.5,11.1,8.0,15.9,1.4,4.1,4.1,6.1,2.9,8.0,10.9,3.7,1.5,2.0,2.8,4.0,21.6,12.0,23.7,2.1,6.1,6.1,9.1,4.4,11.9,16.2,5.4,2.2,2.9,4.1,5.9,32.2,117.3,94.5,1.426,0.78,0.256,0.147,0.542,0.488,5,10
2024,34,POR,Tyler Kolek,23.25,Marquette,190,82,0,4,G,31.0,100.0,33.0,5.6,11.3,0.496,1.5,3.9,0.388,2.6,3.0,0.851,4.2,0.7,4.9,7.7,1.6,0.2,2.9,1.0,15.3,24.3,0.6,0.345,0.268,557.0,2.6,14.8,8.8,42.1,2.8,0.6,18.4,24.3,3.4,1.7,5.1,0.2,6.9,3.2,10.1,6.8,13.7,1.8,4.7,3.1,3.7,0.9,5.1,6.0,9.4,1.9,0.2,3.5,1.2,18.6,9.8,19.8,2.6,6.8,4.5,5.3,1.2,7.4,8.6,13.5,2.8,0.3,5.0,1.7,26.8,120.1,101.6,2.288,0.765,0.345,0.207,0.666,0.432,2,5
2024,35,SAS,Johnny Furphy,19.55,Kansas,206,91,0,1,G,33.0,57.58,24.1,2.9,6.2,0.466,1.3,3.8,0.352,1.9,2.5,0.765,3.6,1.3,4.9,1.0,0.9,0.3,0.8,2.1,9.0,17.0,0.609,0.607,0.393,277.0,6.8,15.9,11.7,7.1,2.1,1.6,10.3,17.6,1.7,1.4,3.1,0.156,3.8,2.8,6.6,4.8,10.4,2.2,6.3,3.1,4.1,2.2,6.0,8.2,1.7,1.5,0.6,1.4,3.5,15.0,6.9,14.8,3.2,9.0,4.5,5.8,3.1,8.6,11.7,2.4,2.1,0.8,2.0,5.0,21.5,120.5,100.7,0.689,0.852,0.613,0.37,0.6,0.442,10,9
2024,37,MIN,Bobi Klintman,21.31,,208,102,0,1,F,33.0,15.15,20.5,1.8,4.5,0.407,0.8,2.3,0.368,0.8,1.1,0.743,3.5,1.1,4.5,0.8,0.5,0.6,1.0,2.0,5.3,12.0,0.528,0.507,0.233,184.0,6.2,19.4,13.0,6.7,1.3,3.2,16.1,15.0,0.6,0.8,1.5,0.086,-0.3,1.3,1.0,3.6,8.8,1.7,4.5,1.5,2.1,2.1,6.8,8.8,1.5,0.9,1.2,1.9,3.8,10.4,5.1,12.6,2.4,6.4,2.2,2.9,2.9,9.7,12.6,2.2,1.3,1.7,2.7,5.5,14.8,104.3,104.3,0.416,0.693,0.511,0.268,0.593,0.49,3,5.0
2024,38,NYK,Ajay Mitchell,22.0,UC Santa Barbara,193,81,0,3,G,29.0,100.0,31.5,6.7,13.3,0.504,1.1,2.9,0.393,5.4,6.3,0.858,3.8,0.2,4.0,4.0,1.2,0.4,2.6,2.6,20.0,25.7,0.612,0.217,0.473,561.0,1.0,13.4,7.7,28.2,2.2,1.2,13.5,31.1,3.4,1.1,4.5,0.198,4.6,0.4,5.0,8.5,17.0,1.4,3.7,6.9,8.0,0.3,4.8,5.1,5.0,1.5,0.5,3.2,3.2,25.4,12.4,24.6,2.1,5.3,10.0,11.6,0.4,7.0,7.4,7.3,2.2,0.7,4.7,4.7,36.8,119.3,106.2,2.089,0.817,0.218,0.133,0.672,0.42,4,3
2024,39,MEM,Jaylen Wells,20.83,Washington State,203,92,0,1,F,34.0,58.82,29.2,4.1,9.4,0.436,2.1,4.9,0.417,2.3,2.9,0.814,3.4,1.2,4.6,1.2,0.5,0.2,0.7,1.9,12.6,18.6,0.585,0.527,0.304,393.0,5.0,13.2,9.2,7.9,1.0,0.6,5.9,20.1,3.1,1.4,4.5,0.181,5.7,1.6,7.3,5.6,12.8,2.8,6.8,3.2,3.9,1.7,4.6,6.3,1.7,0.7,0.2,0.9,2.5,17.2,8.4,19.3,4.2,10.2,4.8,5.9,2.5,7.0,9.5,2.5,1.0,0.4,1.4,3.8,25.9,128.5,104.3,1.339,0.856,0.521,0.308,0.655,0.453,7,3
2024,40,POR,Oso Ighodaro,21.95,Marquette,206,92,0,4,F,36.0,100.0,32.5,5.4,9.4,0.576,0.0,0.1,0.0,2.5,4.1,0.623,4.3,2.6,6.9,2.9,1.1,1.3,1.8,2.2,13.4,21.9,0.59,0.006,0.429,520.0,9.4,15.3,12.4,16.1,1.9,4.7,13.5,20.7,3.2,2.0,5.2,0.177,4.5,3.4,8.0,6.7,11.6,0.0,0.1,3.1,5.0,3.2,5.3,8.5,3.6,1.3,1.6,2.2,2.7,16.5,9.7,16.7,0.0,0.1,4.5,7.2,4.6,7.6,12.2,5.2,1.9,2.3,3.2,3.9,23.8,120.2,101.4,1.193,0.797,0.011,0.004,0.374,0.447,2,5
2024,41,PHI,Adem Bona,21.25,UCLA,208,106,0,2,F,33.0,100.0,26.5,4.6,7.9,0.588,0.0,0.0,0.0,3.1,4.5,0.696,3.9,2.0,5.9,1.2,1.1,1.8,2.5,3.6,12.4,23.3,0.619,0.004,0.569,387.0,8.9,18.1,13.4,11.6,2.6,8.8,19.9,25.0,1.7,1.9,3.6,0.165,1.9,4.5,6.5,7.0,11.9,0.0,0.0,4.7,6.8,3.0,5.9,8.9,1.9,1.7,2.7,3.7,5.4,18.7,10.8,18.4,0.0,0.1,7.3,10.4,4.7,9.1,13.8,2.9,2.6,4.1,5.8,8.4,28.9,109.8,96.2,0.583,0.748,0.0,0.002,0.418,0.51,3,8
2024,42,CHO,KJ Simpson,21.88,Colorado,188,79,0,3,G,37.0,100.0,35.1,6.6,13.8,0.475,2.1,4.9,0.434,4.4,5.0,0.876,5.1,0.8,5.8,4.9,1.6,0.1,2.2,2.5,19.7,24.8,0.606,0.355,0.363,722.0,2.8,16.2,10.0,27.1,2.7,0.2,11.9,26.7,5.1,2.0,7.2,0.221,6.9,3.2,10.1,7.5,15.8,2.4,5.6,5.0,5.7,0.9,5.8,6.6,5.6,1.8,0.1,2.5,2.8,22.4,10.8,22.9,3.5,8.1,7.3,8.3,1.3,8.3,9.6,8.1,2.7,0.1,3.6,4.1,32.5,125.5,102.5,2.277,0.839,0.355,0.215,0.699,0.42,5.0,3
2024,44,HOU,Pelle Larsson,23.33,Arizona,196,94,0,4,G,36.0,100.0,30.1,4.5,8.7,0.519,1.3,3.0,0.426,2.4,3.2,0.75,3.0,1.1,4.1,3.7,0.9,0.2,1.9,2.6,12.8,17.8,0.622,0.344,0.369,460.0,3.9,10.5,7.3,20.1,1.7,0.8,15.6,18.8,2.9,1.8,4.8,0.176,4.1,3.3,7.4,6.0,11.6,1.7,4.0,3.2,4.3,1.4,4.0,5.4,4.9,1.3,0.3,2.5,3.5,17.0,8.2,15.8,2.3,5.4,4.4,5.8,1.9,5.4,7.4,6.8,1.7,0.4,3.4,4.7,23.1,123.7,101.4,1.288,0.904,0.345,0.214,0.62,0.48,2,7
2024,45,SAC,Jamal Shead,22.0,Houston,185,86,0,4,G,37.0,100.0,31.1,4.8,11.7,0.409,1.2,3.8,0.309,2.2,2.8,0.779,2.8,0.9,3.7,6.3,2.2,0.5,2.0,2.0,12.9,22.6,0.495,0.321,0.24,550.0,3.3,10.5,6.8,40.3,4.3,2.0,13.5,25.1,3.1,3.2,6.3,0.22,6.3,6.4,12.7,6.2,15.1,1.5,4.8,2.8,3.6,1.2,3.6,4.8,8.1,2.8,0.6,2.6,2.5,16.6,9.6,23.5,2.3,7.5,4.4,5.6,1.8,5.6,7.4,12.6,4.3,0.9,4.1,4.0,25.9,114.8,89.2,2.985,0.661,0.325,0.159,0.591,0.465,1,5.0
2024,46,LAC,Cam Christie,18.92,Minnesota,198,86,1,1,G,33.0,78.79,30.1,3.8,9.4,0.403,2.1,5.4,0.391,1.6,2.0,0.791,3.4,0.2,3.6,2.2,0.6,0.3,1.2,1.6,11.3,13.7,0.546,0.577,0.216,339.0,1.0,12.9,7.1,13.8,1.2,1.1,10.0,19.7,1.6,0.9,2.5,0.1,2.1,0.6,2.7,5.0,12.5,2.8,7.2,2.1,2.7,0.3,4.5,4.8,3.0,0.8,0.4,1.5,2.2,15.0,7.4,18.4,4.2,10.6,3.2,4.0,0.5,6.6,7.1,4.4,1.2,0.7,2.3,3.2,22.2,112.0,109.8,1.38,0.761,0.574,0.315,0.631,0.434,2,3
2024,47,ORL,Antonio Reeves,23.59,Kentucky,193,83,0,5,G,33.0,100.0,31.4,7.1,13.9,0.512,2.5,5.7,0.447,3.4,4.0,0.863,3.4,0.7,4.2,1.6,0.7,0.2,1.2,1.8,20.2,23.6,0.64,0.41,0.285,570.0,2.7,11.1,7.2,9.2,1.1,0.8,7.1,25.9,4.1,0.6,4.7,0.182,7.3,-0.3,7.0,9.1,17.7,3.2,7.3,4.4,5.1,0.9,4.4,5.3,2.1,0.8,0.3,1.5,2.3,25.7,12.3,24.0,4.4,9.8,5.9,6.8,1.3,5.9,7.2,2.8,1.1,0.4,2.1,3.1,34.8,129.2,112.9,1.296,0.992,0.41,0.262,0.697,0.43,4,10
2024,48,SAS,Harrison Ingram,21.58,UNC,203,104,0,3,F,37.0,97.3,32.8,4.4,10.2,0.43,1.8,4.6,0.385,1.6,2.6,0.612,6.2,2.6,8.8,2.2,1.4,0.4,1.4,1.9,12.2,18.3,0.53,0.446,0.259,466.0,8.7,20.1,14.5,11.6,2.4,1.3,10.7,18.8,2.5,2.4,4.9,0.162,4.7,3.9,8.5,5.4,12.5,2.1,5.6,2.0,3.2,3.2,7.6,10.8,2.6,1.7,0.5,1.7,2.3,14.9,7.5,17.5,3.0,7.8,2.8,4.5,4.5,10.6,15.1,3.7,2.4,0.7,2.4,3.3,20.9,116.1,97.6,1.084,0.793,0.451,0.236,0.521,0.512,10,9
2024,49,IND,Tristen Newton,23.16,UConn,196,90,0,5,G,40.0,100.0,33.2,4.6,11.0,0.415,1.8,5.5,0.321,4.2,5.2,0.808,5.2,1.4,6.6,6.2,0.9,0.3,2.5,1.8,15.1,22.4,0.561,0.503,0.474,686.0,5.4,16.8,11.5,31.2,1.7,0.9,15.4,24.7,4.8,2.6,7.4,0.224,7.0,3.3,10.4,5.5,13.2,2.1,6.7,5.1,6.3,1.7,6.2,7.9,7.5,1.1,0.4,3.0,2.1,18.2,8.3,20.0,3.2,10.1,7.7,9.5,2.6,9.4,12.0,11.3,1.7,0.5,4.5,3.2,27.5,123.0,98.1,2.026,0.737,0.5,0.282,0.613,0.459,8,5.0
2024,50,IND,Enrique Freeman,23.91,University of Akron,201,92,0,5,F,35.0,100.0,32.5,6.7,11.4,0.584,0.6,1.5,0.37,4.7,6.5,0.728,9.4,3.6,12.9,1.6,0.8,1.7,2.5,2.8,18.6,31.1,0.643,0.135,0.571,633.0,13.0,33.1,23.2,11.2,1.5,6.0,14.8,27.1,4.5,3.0,7.5,0.263,5.9,2.4,8.3,8.2,14.0,0.7,1.9,5.8,8.0,4.4,11.5,15.9,2.0,1.0,2.1,3.1,3.5,22.9,12.2,21.0,1.1,2.8,8.7,12.0,6.6,17.2,23.8,3.0,1.5,3.2,4.6,5.2,34.3,124.1,91.1,0.757,0.845,0.132,0.087,0.585,0.458,8,5.0
2024,52,GSW,Quinten Post,24.26,Boston College,213,108,0,5,F,35.0,100.0,31.9,6.3,12.3,0.514,1.4,3.3,0.431,2.9,3.5,0.821,6.1,2.0,8.1,2.9,0.9,1.7,2.5,2.9,17.0,25.6,0.607,0.269,0.285,583.0,7.4,21.9,14.7,18.8,1.6,6.0,14.9,26.9,3.3,1.8,5.1,0.184,6.5,3.1,9.6,8.0,15.5,1.8,4.2,3.6,4.4,2.5,7.6,10.2,3.6,1.1,2.2,3.1,3.6,21.3,11.8,22.9,2.7,6.2,5.4,6.5,3.8,11.3,15.1,5.3,1.6,3.2,4.6,5.3,31.5,116.9,102.1,1.262,0.792,0.268,0.163,0.665,0.507,9,5.0
2024,53,DET,Cam Spencer,24.22,UConn,193,92,1,5,G,40.0,100.0,33.0,4.9,10.1,0.484,2.5,5.6,0.44,2.1,2.3,0.911,3.8,1.1,4.9,3.6,1.5,0.3,1.0,2.2,14.3,22.8,0.64,0.556,0.222,550.0,4.0,12.5,8.5,18.7,2.7,0.8,8.2,19.0,5.2,2.6,7.9,0.239,7.2,4.5,11.8,5.9,12.3,3.0,6.8,2.5,2.7,1.3,4.6,5.9,4.4,1.8,0.3,1.2,2.6,17.4,9.0,18.6,4.6,10.3,3.8,4.1,1.9,7.0,8.9,6.7,2.7,0.5,1.8,4.0,26.3,139.4,97.8,2.28,0.916,0.554,0.356,0.723,0.477,3,5.0
2024,54,BOS,Anton Watson,23.72,Gonzaga,203,102,0,5,F,35.0,100.0,31.3,5.8,10.0,0.578,0.6,1.5,0.412,2.3,3.5,0.653,4.9,2.2,7.1,2.6,1.5,0.7,1.4,2.3,14.5,24.6,0.62,0.145,0.353,508.0,8.8,16.4,13.0,13.4,2.8,2.1,10.5,20.8,3.9,2.2,6.1,0.223,6.1,3.7,9.8,7.4,12.8,0.8,1.9,3.0,4.5,2.8,6.3,9.1,3.3,1.9,0.8,1.8,3.0,18.6,10.6,18.4,1.1,2.7,4.2,6.5,4.0,9.1,13.1,4.7,2.8,1.2,2.5,4.2,26.6,129.5,97.7,1.276,0.894,0.15,0.09,0.557,0.502,9,6
2024,55,LAL,Bronny James,19.72,USC,193,95,1,1,G,25.0,24.0,19.3,1.6,4.5,0.366,0.6,2.4,0.267,0.9,1.4,0.676,2.6,0.3,2.8,2.1,0.8,0.2,1.1,1.7,4.8,10.3,0.472,0.536,0.304,134.0,1.7,15.2,8.5,19.4,2.3,1.1,17.4,16.2,0.2,0.6,0.8,0.063,-1.4,2.1,0.7,3.4,9.3,1.3,5.0,1.9,2.8,0.6,5.3,5.9,4.4,1.6,0.4,2.2,3.6,10.0,4.9,13.3,1.9,7.1,2.7,4.0,0.8,7.6,8.4,6.3,2.3,0.6,3.2,5.1,14.4,98.1,106.8,1.115,0.617,0.533,0.253,0.512,0.492,3,5.0
2024,56,PHO,Kevin McCullar Jr.,23.28,Kansas,198,92,0,5,G,26.0,100.0,34.2,6.1,13.5,0.454,1.5,4.5,0.333,4.6,5.7,0.805,5.2,0.8,6.0,4.1,1.5,0.4,2.5,1.9,18.3,21.1,0.567,0.334,0.426,459.0,2.8,16.2,10.1,22.9,2.5,1.3,13.6,28.0,2.0,1.6,3.6,0.161,4.5,2.8,7.4,7.1,15.7,1.8,5.3,5.4,6.7,0.9,6.1,7.0,4.8,1.8,0.4,3.0,2.2,21.4,10.2,22.5,2.5,7.5,7.7,9.6,1.3,8.7,10.0,6.9,2.5,0.6,4.2,3.2,30.7,110.4,100.0,1.684,0.764,0.333,0.189,0.616,0.465,5.0,9
