NBA Career Score,Name,Age,Height,Weight,NBA Connection,Seasons Played (College),G,GS%,MPG,PER,TS%,ORB%,DRB%,TRB%,AST%,STL%,BLK%,TOV%,USG%,WS/40,BPM,FG/100,FGA/100,3P/100,3PA/100,FT/100,FTA/100,ORB/100,DRB/100,TRB/100,AST/100,STL/100,BLK/100,TOV/100,PF/100,PTS/100,ORtg,DRtg
4.5,Kyrie Irving,19.26,188,81,1,1,11,72.73,27.5,32.5,0.697,2.3,10.6,6.7,29.8,3,1.8,16.4,26.4,0.32,14.8,10.3,19.6,3.4,7.3,12,13.4,1.1,5.8,7,8.8,3,1.1,5.1,4.3,36.1,135.1,92.7
2,Derrick Williams,20.08,203,106,0,2,38,100,30,32.8,0.69,11.8,21.9,17,8.7,1.9,2.3,15.7,28.9,0.279,12.1,11.8,19.9,2.2,3.9,12.9,17.4,5.5,11,16.5,2.3,1.9,1.4,5.2,5.6,38.8,128.8,97.3
3,Tristan Thompson,20.28,203,102,0,1,36,94.44,30.7,24.2,0.536,14,13.7,13.8,8.1,1.8,7.2,12.7,22.4,0.2,8.9,9.2,16.8,0,0,6.8,14,7.4,7.7,15.1,2.4,1.8,4.6,3.4,5.3,25.2,112.5,89.3
3,Brandon Knight,19.56,190,83,0,1,38,100,35.9,19.3,0.553,2.2,10.2,6.3,23.4,1.1,0.6,16.8,27,0.157,5.5,9.6,22.8,3.9,10.2,6,7.6,1.1,5.7,6.8,7.1,1.1,0.4,5.3,3.7,29.1,109.9,101.5
4,Kemba Walker,21.13,185,78,0,3,41,100,37.6,29.9,0.543,3.9,11.5,7.9,28,3.1,0.5,9.5,32.4,0.251,13.1,12.6,29.4,3,9,10.3,12.5,2.1,6.8,8.9,7.3,3.1,0.3,3.7,2.2,38.4,121.2,98.9
1,Jimmer Fredette,22.33,188,88,0,4,37,100,35.8,30.9,0.594,2,8.3,5.2,28.8,2.1,0.1,12.7,37.8,0.256,10.8,14.7,32.5,5.3,13.3,10.7,12,1,4.4,5.4,6.8,2.1,0,5.6,2.1,45.4,118,100
4.25,Klay Thompson,21.37,198,90,1,3,34,97.06,34.7,26.1,0.574,2.6,14,8.6,25,2.8,3.1,15.3,32.8,0.198,9.8,11.9,27.3,4.9,12.2,7.7,9.2,1.2,7.6,8.8,6.3,2.8,1.6,5.7,4.9,36.3,109.8,95.8
2.5,Alec Burks,19.93,198,88,0,2,38,97.37,31.4,29.4,0.574,9.2,14.8,12.1,19.6,2,1,12.7,32.3,0.221,8.1,12.2,25.9,1.4,4.7,12.1,14.6,4.4,7.6,12,5.4,2,0.6,4.8,4.3,37.8,120.2,106
3,Markieff Morris,21.81,208,111,1,3,38,89.47,24.4,29.1,0.642,13.9,24.7,19.7,11,1.9,4.9,16.2,25.5,0.257,10.3,12.1,20.5,1.5,3.7,6.4,9.5,6.4,13.2,19.6,3.3,1.9,2.7,4.8,6.7,32.1,121.5,88.1
3,Marcus Morris,21.81,206,106,1,3,38,92.11,28.3,29.3,0.625,11.5,19,15.5,11.4,1.7,2.4,11.4,26.9,0.269,10.9,12.8,22.4,1.4,4.1,7.9,11.5,5.3,10.2,15.5,3.3,1.7,1.3,3.6,5.2,34.9,126.5,92.5
5,Kawhi Leonard,19.99,201,102,0,2,36,100,32.6,26.5,0.512,11.4,26.2,19,16,2.7,1.9,12.3,27.6,0.231,9.2,11.3,25.4,1.3,4.6,5.9,7.8,5.9,14.4,20.4,4.9,2.7,1.1,4.1,4.8,29.8,112.5,86.3
4,Nikola VuÄeviÄ,20.67,208,99,0,3,34,100,34.9,27.1,0.578,9.8,25.6,17.7,11,0.9,4.4,10.3,25.5,0.221,9.4,11.3,22.3,1.5,4.3,6.4,8.5,5.1,13.3,18.3,2.8,0.9,2.5,3,5,30.5,119,94.3
2.5,Iman Shumpert,21,196,96,0,3,31,100,32,25.4,0.517,5.7,16.4,10.6,25.7,5,0.7,12.2,29.1,0.196,9.6,10.3,25.4,2.4,8.8,8.2,10.2,3.1,7.6,10.7,6.3,5,0.3,4.2,5,31.3,109.8,92.8
0,Chris Singleton,21.59,206,99,0,3,28,89.29,29.1,21.9,0.531,8.2,17,12.8,8.9,3.9,5.9,15,24.5,0.191,9,8.8,20.3,2.5,6.7,6,8.9,4.1,9.4,13.6,2.3,3.9,2.9,4.3,6.4,26,105.6,84.2
3.5,Tobias Harris,18.94,203,102,1,1,34,97.06,29.2,23.8,0.54,7.5,20.6,14,10.4,1.4,3.4,11.4,27.2,0.177,7.3,11.1,24.1,1.4,4.6,7.7,10.2,4,10.8,14.8,2.6,1.4,1.7,3.7,4.2,31.3,112.7,98.8
0,Nolan Smith,22.92,188,83,1,4,37,100,34,25.7,0.564,4.1,10.1,7.2,30.3,2,0.2,14.8,30.7,0.234,9.9,11.8,25.7,2.6,7.4,8.5,10.4,2,5.5,7.5,8.6,2,0.1,5.3,3.3,34.6,116.8,96
2.5,Kenneth Faried,21.6,203,103,0,4,35,97.14,34.7,34.7,0.619,20,31.4,25.6,7.4,3.4,8.8,15.8,24.5,0.272,8.5,11.9,19.1,0,0,7.1,12.3,10.2,15.8,26,1.9,3.4,4.2,4.7,5.5,31,121,84
3,Reggie Jackson,21.19,190,94,0,3,34,94.12,34.1,26.9,0.618,3.9,11.3,7.8,29.7,1.9,1.7,13.9,27.2,0.193,9.8,11.8,23.4,3.8,9.1,5.9,7.4,1.9,6,7.8,8.2,1.9,1,4.4,3.1,33.2,122.8,109.8
2,MarShon Brooks,22.41,196,90,0,4,32,96.88,36.5,28.8,0.584,6.3,14.2,10.2,16,2.3,3,12.7,30.6,0.203,10.3,13.1,27.1,3.2,9.4,8,10.4,3.4,7.3,10.7,3.8,2.3,1.9,4.7,3.8,37.5,118.3,104.4
1,Jordan Hamilton,20.72,201,99,1,2,36,100,32.2,25.6,0.55,7,18.5,12.9,14.6,1.6,1.8,11.2,29.1,0.231,11.4,12.4,28.1,4.6,11.9,4.8,6.2,3.7,10.4,14.1,3.9,1.6,1.2,3.9,3.3,34.2,115.5,90.6
0,JaJuan Johnson,22.37,208,100,0,4,34,97.06,35.4,28.8,0.564,7.9,20.2,14.1,6.4,1.5,6.7,8.3,29.1,0.238,10.5,12.9,26.2,0.8,2.6,8.5,10.5,4.1,10.5,14.7,1.7,1.5,4,2.8,2.7,35.2,117.2,90.3
2.5,Norris Cole,22.7,188,77,0,4,36,100,35.7,30,0.558,2.5,16.5,9.5,37,3.7,0.3,12.2,32.1,0.258,10.2,11.8,26.8,2.4,7,10.6,12.5,1.3,8.6,9.8,8.9,3.7,0.1,4.5,4.1,36.5,117.7,92.8
2,Cory Joseph,19.85,190,83,0,1,36,100,32.4,15.1,0.526,2.2,9.5,6,17.3,1.9,0.9,13.1,17.3,0.152,6.5,6.9,16.3,2.6,6.4,2.6,3.7,1.2,5.3,6.5,5.5,1.9,0.6,2.7,3.3,19,112.7,95
4.5,Jimmy Butler,21.78,201,99,0,3,37,94.59,34.6,24,0.587,8.2,12,10.1,13.2,2.4,1.1,9.8,21.3,0.198,9.4,8.6,17.5,0.9,2.7,8.6,11,4.1,6.2,10.3,3.9,2.4,0.6,2.5,2.2,26.7,126.8,102.5
0,Justin Harper,21.82,208,102,0,4,37,100,31.8,29,0.642,6.5,18.6,12.8,8.9,1.2,4,9.8,26.8,0.24,9.7,13.2,24.7,4.1,9.2,5.1,6.3,3.3,10.4,13.8,2.3,1.2,2.5,3,4.4,35.5,123.6,94.9
2,Kyle Singler,23.14,203,104,1,4,37,100,34.8,20,0.536,8,13.3,10.8,8.8,1.5,0.8,10.7,24.7,0.191,6.4,9.7,22.6,2.7,8.6,5.5,6.9,3.9,7.3,11.2,2.7,1.5,0.5,3.1,4.3,27.7,114.8,95.1
2,Shelvin Mack,21.17,190,97,0,3,38,97.37,32.1,21,0.537,2.6,14.4,8.4,24.9,1.5,0.3,14.1,28.6,0.163,6.6,10.2,25.1,4.4,12.5,6.1,7.9,1.4,7.3,8.6,6.7,1.5,0.2,4.7,3.4,31,109.9,100.9
0,Tyler Honeycutt,20.94,206,81,0,2,33,100,35,17.4,0.519,5.3,17.8,11.9,16.8,1.5,5.5,19.8,22.3,0.115,7.1,7.5,18.4,2.9,7.9,4.1,5.5,2.6,9.8,12.4,4.8,1.5,3.5,5.2,2.7,21.9,99.7,96.3
0,Jordan Williams,20.7,208,117,0,2,33,100,32.5,25.2,0.552,12.6,26,19.5,3.9,1.2,4.1,9.5,24.5,0.211,6.3,11.1,20.6,0,0,6.8,11.8,6.3,13.9,20.1,1.1,1.2,2.3,2.8,4.2,28.9,115.1,89.9
0,Trey Thompkins,21.1,208,111,0,3,30,96.67,31.2,24.2,0.536,7.3,20.4,14.2,11.1,2.2,5.7,14.2,29.9,0.164,6.8,12.8,26.6,1.5,4.9,5.4,7.9,3.7,11.4,15.1,2.8,2.2,3.3,5,4.4,32.6,104.3,93
3.5,Chandler Parsons,22.66,206,97,1,4,36,97.22,34.1,19.7,0.551,7.3,19.3,13.4,21.6,1.7,1.3,18,19.2,0.162,8.3,7.9,16.5,2.2,6,2.8,4.9,3.8,10.4,14.2,6.9,1.7,0.8,4.1,3.4,20.7,112.4,96
2,Jon Leuer,22.11,208,103,0,4,34,100,33.5,28.7,0.568,6.3,22.6,14.1,12.8,1,3.1,9,31.1,0.221,9.8,13.9,29.6,3.3,8.9,6.9,8.2,3.5,11.6,15.1,3.4,1,1.8,3.3,4.6,38.1,118.3,99.7
2,Darius Morris,20.47,193,86,0,2,35,97.14,34.8,22.7,0.545,3.2,10.8,7,44.2,1.9,0.1,17.6,27.3,0.173,6.3,10.6,21.7,0.8,3.4,5.7,8,1.6,5.7,7.3,12.4,1.9,0.1,5.4,3.9,27.8,111.4,102.1
1,Malcolm Lee,21.09,196,81,0,3,33,100,33.1,15.3,0.553,2.6,7.8,5.3,12.9,1.2,0.6,12.5,20.8,0.131,3.3,7.7,17.7,2.1,7.2,6.1,7.9,1.3,4.3,5.5,3.7,1.2,0.4,3.1,4.4,23.8,113.2,104.2
1,Charles Jenkins,22.32,190,99,0,4,33,100,37.3,31.4,0.635,1.8,8.8,5.3,31.5,2.9,1.9,11.1,28.7,0.236,9.6,12.5,24.1,3.3,7.9,9.1,11.1,0.9,4.7,5.6,7.9,2.9,1.1,3.7,3.3,37.4,128,107.8
2,Josh Harrellson,22.36,208,124,0,3,38,100,28.5,22.3,0.616,15.2,18.9,17.1,5.1,2,5.2,10.7,12.5,0.204,8.7,7.1,11.6,0.1,0.6,1.8,3.1,7.8,10.5,18.4,1.7,2,3.2,1.6,5.1,16.1,134.3,92.6
1,Andrew Goudelock,22.55,188,90,0,4,37,100,35.2,26.7,0.575,2.3,9.9,6.3,26.4,1.5,0.5,13.5,34.5,0.199,6,14.4,31.8,6,14.6,5,6.1,1.1,5.4,6.5,7.1,1.5,0.3,5.4,3,39.8,115.1,105.7
0,Travis Leslie,21.24,193,92,0,3,33,100,32.2,24.9,0.561,12.2,13.6,12.9,20.6,2.3,2,14.3,24.4,0.195,8.9,10.3,21,0.8,2.5,6.4,7.9,6.2,7.6,13.8,5.7,2.3,1.2,4.1,3.7,27.8,116.9,98.1
0,Keith Benson,22.86,211,104,1,4,35,100,32.4,28.8,0.584,9.5,24.1,17.2,6.2,1.4,9.8,10.9,24.9,0.202,5.4,11.3,20.6,0.4,1.1,7.7,11.9,4.5,12.7,17.3,1.9,1.4,6.1,3.2,5.3,30.6,120.2,98.9
0,Josh Selby,20.25,188,83,0,1,26,42.31,20.4,11.9,0.489,2.4,9.7,6.3,17.8,2.3,0.2,20.1,24.4,0.098,2.4,7.8,20.9,3.7,10.2,3,4,1.1,5.2,6.3,6.1,2.3,0.1,5.7,4.8,22.3,95.5,96.5
2,Lavoy Allen,22.38,206,102,0,4,33,100,33.9,20.3,0.519,9.3,20.2,14.8,13.6,1.3,5.4,12.8,19.8,0.163,5.6,8.4,17.5,0.3,0.9,3.8,5.4,4.8,10.6,15.4,4.1,1.3,3.3,2.9,4.1,20.8,110,93.1
0,Jon Diebler,23.01,198,92,0,4,37,97.3,35.7,19.6,0.723,1.3,7.9,4.6,11.6,1.7,0.4,9.8,14.4,0.207,11.6,6.9,13.5,5.4,10.7,3,3.7,0.7,4,4.6,4.2,1.7,0.2,1.7,1.7,22.1,144.7,98.4
1,Vernon Macklin,24.76,206,111,0,5,37,94.59,24.5,22.2,0.578,10.9,15,13,7.7,0.9,3.1,14.5,25.1,0.16,4.5,13.2,22.3,0,0,3.2,7.1,5.7,8.1,13.8,2.1,0.9,1.8,4.4,6.3,29.6,110,98.5
2,DeAndre Liggins,23.23,198,95,0,3,38,73.68,31.6,14.5,0.523,2.2,11.8,7.2,14.2,2.3,2.3,14.9,15.8,0.129,5.9,5.6,13.3,1.8,4.6,3.4,5.3,1.1,6.6,7.7,4.8,2.3,1.4,2.8,4.7,16.5,109.1,97
2,E'Twaun Moore,22.33,193,86,0,4,34,97.06,33.9,23.9,0.545,5.1,12.5,8.8,20.9,2.2,1.6,9.8,28,0.205,10.2,11.6,26,3.7,9.2,5.3,7.4,2.7,6.5,9.2,5.7,2.2,0.9,3.2,3.7,32.2,114.4,94.9
0,Ater Majok,23.98,208,105,0,1,26,84.62,14.7,9.3,0.425,9.6,12.3,11,1.9,0.6,10.1,23.2,11.6,0.051,0,3.8,9,0,0,1.4,3.4,4.9,7.2,12.1,0.6,0.6,6.4,3.2,7.8,9,84,98.4
4,Isaiah Thomas,22.38,173,83,0,3,35,100,31.9,22.9,0.563,2.5,9.5,6,32.7,2.3,0.2,16.6,26.2,0.199,8.1,9.4,21,3,8.6,7.5,10.5,1.3,4.8,6.1,10.6,2.3,0.1,5.2,3.7,29.2,117.4,100.8
5,Anthony Davis,19.29,208,99,0,1,40,100,32,35.1,0.654,11.6,25.6,19,7.5,2.5,13.7,8.6,18.8,0.31,17.2,9.9,15.9,0.1,0.9,6.8,9.6,5.6,13.9,19.5,2.4,2.5,8.8,1.9,3.7,26.7,139,80.7
2,Michael Kidd-Gilchrist,18.75,201,105,0,1,40,97.5,31.1,21.2,0.57,10.3,17.3,14,10.8,1.9,2.8,17.3,20.6,0.192,7.7,7.7,15.8,0.6,2.5,6.9,9.3,5,9.4,14.4,3.6,1.9,1.8,4.2,4.7,23.1,115.5,92.3
4,Bradley Beal,18.99,190,93,0,1,37,100,34.2,22,0.575,4.8,20.3,12.3,12.7,2.5,2.6,14.3,23,0.18,8.4,8.5,19.1,3.1,9,6.4,8.4,2.4,9.6,12.1,4,2.5,1.5,3.8,3.7,26.5,115.4,96.9
2.5,Dion Waiters,20.54,193,97,0,2,37,0,24.1,26.3,0.565,2.4,8.8,5.6,21.2,4.6,1.5,10.4,26.7,0.223,10.8,11.7,24.6,2.8,7.8,5.9,8.1,1.2,4.6,5.9,6.3,4.6,0.8,3.3,4.8,32.2,118.6,93.9
1,Thomas Robinson,21.28,206,107,0,3,39,100,31.8,27.4,0.549,11.1,33,22.2,13.1,2,2.9,14.2,30,0.231,8.8,12.5,24.7,0.3,0.7,7.8,11.4,5.4,16.7,22.1,3.4,2,1.6,5,5.1,33.1,109.8,84.6
4.5,Damian Lillard,21.95,188,83,1,4,32,100,34.5,34,0.635,1.9,15.8,9,27.1,2.5,0.7,10.7,33,0.291,9.8,12.4,26.6,5.1,12.4,12.3,13.8,0.9,7.8,8.7,6.9,2.5,0.4,4,3.3,42.2,128.4,101.6
3.5,Harrison Barnes,20.07,203,97,0,2,38,97.37,29.2,21.2,0.528,6.9,11.9,9.4,7.2,2,1.1,10.8,28.1,0.181,6.8,11.3,25.8,2.4,6.8,7,9.7,3.7,6.1,9.8,2.1,2,0.6,3.7,3.4,32.1,111.1,96.1
2.5,Terrence Ross,21.39,198,88,0,2,35,100,31.1,22.3,0.558,4.7,19.2,11.6,9.2,2.3,3,12,25.3,0.178,7.9,11.2,24.4,3.7,10.1,3.7,4.9,2.5,9.2,11.7,2.5,2.3,1.7,3.6,5.1,29.9,113.6,96.8
4,Andre Drummond,18.87,208,122,0,1,34,88.24,28.4,21.9,0.509,14.2,17,15.6,3.4,1.8,9.9,13.5,20.9,0.121,4.9,10.1,18.8,0,0.1,1.7,5.7,7.4,9.2,16.6,1,1.8,5.9,3.4,4.8,21.9,103.1,97.3
2.5,Austin Rivers,19.9,193,90,1,1,34,97.06,33.2,16.9,0.538,2.2,10,6,13,1.7,0.1,13.9,25.2,0.124,4,9,20.8,3,8.2,6.3,9.5,1.1,4.9,6,3.7,1.7,0.1,4.1,3.9,27.3,107.8,104.7
2,Meyers Leonard,20.33,216,111,0,2,32,90.62,31.8,24.1,0.618,9.1,25.9,17.1,9.9,0.9,6.9,16.2,22,0.182,7.2,10.4,17.7,0.1,0.7,5.7,7.7,4.4,11.5,16,2.6,0.9,3.7,4.1,5.7,26.5,115.5,95.9
2.5,Jeremy Lamb,20.07,196,81,0,2,34,100,37.2,22.1,0.589,3,12.2,7.7,10.1,2.1,1.7,11.7,23.9,0.165,7.8,10.7,22.4,3.5,10.4,4.8,6,1.6,6.6,8.2,2.9,2.1,1,3.4,2.8,29.7,117.6,103.3
1,Kendall Marshall,20.85,193,88,0,2,36,97.22,33,17.2,0.558,0.5,7.9,4.2,45.1,2,0.5,27.8,13.9,0.147,6.6,4.9,10.4,1.3,3.7,2.5,3.7,0.3,4.1,4.4,16.3,2,0.3,4.7,2.6,13.6,114.9,98.4
2.5,John Henson,21.49,211,99,0,3,35,97.14,29.1,24.7,0.505,9,27.1,17.9,8,1.1,9.6,8.7,23.1,0.195,9,11.1,22.2,0,0,3.7,7.3,4.8,14,18.8,2.4,1.1,5.5,2.4,3,25.9,110.2,86.6
2.5,Maurice Harkless,19.12,203,94,0,1,32,100,36.1,21.1,0.504,8.4,20.3,14,9.6,2.6,4.2,14,24.9,0.109,4,9.9,22,0.9,4.1,4.8,7.2,4.5,9.7,14.2,2.4,2.6,2.3,4.1,3.8,25.6,102.3,102
0,Royce White,21.21,203,122,0,3,34,97.06,31.5,22.8,0.536,9.4,26.2,17.7,34.5,2.2,3,23.4,26.5,0.152,8.2,9.7,18.1,0.2,0.7,5.6,11.3,4.7,12.8,17.5,9.4,2.2,1.8,7.2,4.9,25.2,103.3,95.4
2.5,Tyler Zeller,22.44,213,113,1,4,38,100,28.2,29.9,0.616,14.1,21.9,17.9,6.3,1.7,5.3,12.6,24.5,0.265,10.7,11.3,20.5,0,0,9.3,11.5,7.5,11.3,18.8,1.9,1.7,3,3.8,5.2,32,125.6,89.7
2.5,Terrence Jones,20.46,206,114,1,2,38,89.47,29.3,24.3,0.547,10.7,17.5,14.3,8.7,2.7,5.8,12.6,22.4,0.209,10.2,9.6,19.1,0.9,2.7,5.4,8.5,5.2,9.5,14.7,2.8,2.7,3.7,3.4,4.9,25.4,115.3,88.9
2,Andrew Nicholson,22.55,206,108,0,4,32,100,30.1,31.6,0.638,11.1,25.1,18.1,9.4,1.3,7.3,14.7,29.5,0.24,9.4,14.1,24.6,1.5,3.4,8.2,10.6,5.3,11.9,17.2,2.1,1.3,4,5.1,5.8,37.8,120.1,95.2
2,Jared Sullinger,20.31,206,120,0,2,37,97.3,30.4,30.2,0.591,12.4,25.8,18.9,8.6,2.3,4,11.5,27.9,0.28,11.7,12.2,23.4,0.9,2.1,9.3,12.2,6.2,11.9,18.1,2.5,2.3,2.1,3.8,5.8,34.5,121.8,86
0,Fab Melo,22.02,213,110,0,2,30,100,25.4,20.7,0.581,12.3,14.6,13.5,5,1.2,13,17.6,16.5,0.156,5.3,7.9,13.9,0,0,3.1,4.8,6.4,7.6,14.1,1.7,1.2,7.1,3.5,6.8,18.8,112.9,94.2
1.5,John Jenkins,21.31,193,97,0,3,35,100,33.6,26,0.656,1.7,9.1,5.4,8.4,1.5,1,9.4,26.2,0.223,11.8,11.3,23.8,6.9,15.8,6.6,7.9,0.8,4.4,5.2,2.2,1.5,0.6,2.9,2.2,36.1,129.4,104.3
1,Jared Cunningham,21.1,193,87,0,3,36,97.22,34.6,22.1,0.568,3.4,10.4,6.8,15.7,4.1,1.2,15.2,26,0.162,5,9,19.9,2.3,6.7,9,12.2,1.6,4.6,6.3,4.6,4.1,0.7,4.6,3.9,29.2,111.4,100.5
2.5,Tony Wroten,19.2,196,92,0,1,35,77.14,30.3,20.4,0.488,8,10.7,9.3,24.5,3.5,1.2,18.7,31.2,0.12,4.7,10.5,23.8,0.5,3,8.2,14.1,4.3,5.1,9.4,6.9,3.5,0.7,7,5,29.8,98.8,98.7
2.5,Miles Plumlee,23.81,208,111,1,4,34,47.06,20.5,21.8,0.621,16.6,24.6,20.6,5.1,1.5,4.2,18.7,16.1,0.177,6.2,7.5,12.3,0,0,4,6.4,8.3,12,20.3,1.5,1.5,2.7,3.5,6.5,19,121.1,96.4
1,Arnett Moultrie,21.6,211,112,0,4,30,100,35.8,25.2,0.61,12.2,23.5,17.7,7,1.4,2.1,15.3,23.3,0.186,5.2,10.3,18.7,0.5,1,7.1,9.1,6.3,11.6,17.9,2,1.4,1.3,4.2,3.8,28,118.3,100.4
1.5,Perry Jones,20.75,211,106,0,2,33,100,30.7,21.2,0.539,11,19.8,15.4,8.7,1.6,2.1,12,23.3,0.167,5.2,10.7,21.4,0.6,1.9,4.2,6,5.2,9.6,14.8,2.5,1.6,1.2,3.3,4.5,26.2,113.4,98
1.5,Marquis Teague,19.32,188,85,1,1,40,100,32.6,13.2,0.491,1.6,7.1,4.5,25.6,1.7,0.8,21.1,20.2,0.108,2.3,6.7,16.3,1.2,3.7,3.9,5.5,0.8,3.9,4.7,8.8,1.7,0.5,5,4.2,18.6,101.7,99.5
2.5,Festus Ezeli,22.68,211,115,0,4,26,84.62,23.2,21,0.567,13,19.2,16.1,2.9,1.1,9,20.1,25.2,0.14,3.7,9,16.7,0,0,8.5,14.1,6.3,9.3,15.6,0.8,1.1,5.3,5.9,8.3,26.5,103.4,96.1
2,Jeff Taylor,23.09,201,102,1,4,36,100,32.1,23.7,0.58,8.4,13.3,10.9,12.6,2.4,1.4,13.6,26.4,0.18,8,11.1,22.5,3.5,8.2,5,8.3,4.1,6.5,10.6,3.3,2.4,0.8,4.2,3.5,30.7,114.4,99.8
1.5,Bernard James,27.38,208,108,0,2,35,100,28,23.3,0.602,13.6,21.4,17.6,3.6,1.6,9.5,18.9,20,0.176,7.6,9.5,15.7,0,0,3.9,7,6.5,10.7,17.1,1,1.6,5,4.4,4.1,22.9,109.8,89.1
3.5,Jae Crowder,21.97,198,106,1,2,35,100,32.9,28.8,0.598,7,22.6,14.7,13.5,4.3,3.1,7.9,23.4,0.263,13.8,10.6,21.4,3,8.7,5.8,7.9,3.4,11,14.4,3.6,4.3,1.7,2.2,4.6,30.1,125.7,85.9
4.25,Draymond Green,22.31,201,104,0,4,37,97.3,33.2,26.1,0.542,8.2,30.7,19.8,24.2,2.7,3.3,16.8,28.2,0.23,12.1,10.6,23.6,2.6,6.7,6.3,8.7,4,15.8,19.7,7.1,2.7,1.8,5.6,5.3,30.1,109.6,83.6
1.5,Orlando Johnson,23.29,196,92,0,5,31,100,34.4,26,0.56,5.8,13.8,9.9,19,2,2.4,12.2,30.5,0.194,6.3,12,26.6,4.1,9.5,7.4,10.6,3,7.4,10.4,5.3,2,1.3,4.4,3.3,35.5,115.5,102.6
2,Quincy Acy,21.72,201,106,0,4,38,100,29.7,23.5,0.638,10.9,20,15.5,6.5,1.8,6.6,16.6,19,0.198,6.9,8.3,14.5,0.2,0.3,7.2,9.2,5.2,9.7,14.9,2,1.8,3.7,3.7,6.2,24,123.1,95.3
1.5,Quincy Miller,19.6,206,95,0,1,37,94.59,24.4,19.4,0.541,7.5,17.5,12.5,11.6,1.7,2.9,15.4,23.9,0.153,5.3,9.1,20.4,1.6,4.6,6.1,7.5,3.6,8.5,12,3.5,1.7,1.6,4.4,4.6,25.9,110.1,98.8
4,Khris Middleton,20.87,201,98,1,3,20,85,28.8,18.9,0.486,5.4,17.1,11,20,2.1,1,13.7,29.7,0.114,6.2,11.2,27,2.2,8.5,4.3,5.7,2.9,8,10.9,4.9,2.1,0.5,4.7,4.1,28.9,98,97.6
3,Will Barton,21.47,198,79,0,2,35,97.14,35.3,26.6,0.587,7.6,20.2,14.2,17.4,2.4,2.1,12.3,25.8,0.232,9.8,11.1,21.8,1.8,5.2,6.5,8.6,3.4,10.1,13.4,4.9,2.4,1.2,3.6,3.6,30.4,119.3,92.3
1,Tyshawn Taylor,22.2,190,83,0,4,39,97.44,33.4,19.8,0.569,0.7,7.5,4.2,29.7,2.4,0.5,19.5,27.5,0.159,7.2,10.3,21.6,2.6,6.9,6.2,9.1,0.4,3.8,4.1,8.5,2.4,0.3,6.3,3.5,29.5,106.9,97.7
1,Doron Lamb,20.64,193,95,0,2,40,87.5,31.2,19.2,0.624,1.5,8.2,5.1,8.8,0.9,0.2,9.1,19.7,0.197,7.3,8.4,17.8,3.7,7.9,5.9,7.2,0.7,4.5,5.2,2.9,0.9,0.1,2.1,3.5,26.5,131.1,101
2.5,Mike Scott,23.94,203,107,0,5,32,100,31.2,30.7,0.62,9.7,26.2,18,10.7,1.4,1.8,12.6,30.9,0.27,10.4,14.1,25,0.4,1.3,9.1,11.3,4.6,12.8,17.4,2.4,1.4,1,4.4,3.7,37.7,118.4,87.4
0,Kim English,23.75,198,90,0,4,35,100,33.6,20.6,0.658,3.4,13,8.3,8.6,2.3,0.9,13.3,20,0.171,7.1,8.8,16.8,4,8.7,4.5,6.2,1.5,6.1,7.6,2.9,2.3,0.5,3,4.3,26,123.7,102.6
1.5,Justin Hamilton,22.23,213,117,0,4,33,96.97,30,22.7,0.553,11.8,17.2,14.2,7,1.5,4.7,12.9,22.6,0.172,5.9,9.6,19.5,0.2,0.7,6.5,8.4,6.7,7.9,14.5,1.8,1.5,2.6,3.5,5.1,26,113.1,96.5
2,Darius Miller,22.26,203,102,0,4,40,27.5,26.1,18.1,0.593,4.3,7.9,6.2,14.4,1.9,1.2,14.8,19.2,0.173,7.5,8.3,17.5,3.2,8.6,3.2,4,2.1,4.3,6.4,4.7,1.9,0.8,3.4,5,23,119.8,98.3
0,Kevin Murphy,22.31,201,83,0,4,33,96.97,34.5,20.8,0.549,3.3,16.7,9.8,16.3,1.4,0.7,14.8,32.3,0.128,0.6,12.2,27.5,4,9.7,6.3,8.8,1.5,7.3,8.9,3.9,1.4,0.4,5.5,3.6,34.9,105.6,106
2.5,Kyle O'Quinn,22.25,208,108,0,4,36,100,31.3,28.6,0.616,12,27.9,19.8,10.9,1.3,9.2,17,24.9,0.219,5,10.7,18.6,0.3,1.7,8.1,11.6,5.9,13.4,19.3,2.7,1.3,5,4.9,6.1,29.7,116.2,91.1
0,Kris Joseph,23.52,201,95,0,4,37,100,32.2,19.7,0.534,5.5,11.6,8.6,8.7,2.6,2.2,10.6,22.5,0.168,6.6,8.4,20.1,2.6,7.6,6,8.1,2.9,6.1,9,2.9,2.6,1.2,2.8,3.2,25.5,113.7,96.7
0,Darius Johnson-Odom,22.74,188,97,0,3,34,97.06,32.9,20.1,0.568,2.3,10.1,6.1,17.7,1.6,0.4,12.7,27.2,0.167,6.8,10.6,23.7,3.9,10.1,6.4,8.3,1.1,4.9,6,4.7,1.6,0.2,4,3.4,31.5,111.9,99.9
1,Robbie Hummel,23.3,203,97,0,5,35,100,32.2,25.7,0.54,5.5,24.3,14,12.6,1.3,4.2,5.7,26.3,0.197,9.4,10.7,25.5,4,10.3,6.2,7.5,3,10.8,13.8,3.6,1.3,2.3,1.8,4,31.5,120.1,101.6
0,Marcus Denmon,22.27,190,83,1,4,35,100,34.6,25.6,0.621,3.9,15.1,9.6,11.5,2.7,0.1,7.6,23.6,0.221,10,9.9,21.6,4.9,12.1,6,6.7,1.7,7,8.8,3.7,2.7,0,2,1.7,30.8,129.7,101.5
1.5,Robert Sacre,23.05,213,117,0,5,33,100,26.3,22.3,0.595,9.9,20.2,15.1,5.7,0.8,5.8,15.7,22.9,0.194,4.6,8.1,15.9,0,0.1,10.4,13.7,4.6,9.8,14.4,1.7,0.8,3.3,4.2,5,26.6,116.8,95.1
3.5,Andrew Wiggins,19.33,203,90,1,1,35,100,32.8,21.4,0.563,8.4,12.3,10.4,9.2,2.1,3.1,13.1,26.3,0.17,8.3,9.6,21.4,2.2,6.4,8.9,11.5,3.9,6.6,10.4,2.7,2.1,1.7,4.1,4.8,30.3,116.1,102.8
2.5,Jabari Parker,19.28,203,106,1,1,35,100,30.7,28.4,0.558,11.4,23.1,17.1,8.6,2.1,4,11.9,32.7,0.205,7.6,13.5,28.4,2.2,6,9.1,12.2,6,11.5,17.4,2.3,2.1,2.5,4.6,4.7,38.2,115,99.3
4.5,Joel Embiid,20.28,213,113,0,1,28,71.43,23.1,28.2,0.655,12.7,27.3,20.5,11.5,2.3,11.7,21.6,23.4,0.213,11.9,9.6,15.4,0.1,0.5,8.8,12.9,5.9,14.6,20.5,3.4,2.3,6.5,5.9,8.5,28.2,116.6,90.9
3.5,Aaron Gordon,18.77,206,102,1,1,38,100,31.2,20.4,0.503,10.4,19.3,14.9,13,1.8,3.4,10.5,23.2,0.183,8.4,9.9,20.1,0.8,2.4,4,9.5,5.4,10.6,15.9,3.9,1.8,2.1,2.9,4.7,24.7,108.9,88.6
3.5,Marcus Smart,20.3,193,99,0,2,31,100,32.7,26.9,0.552,5.1,14.9,10.2,30.1,5,1.9,14,29.2,0.22,12,9.2,21.9,2.8,9.3,10.3,14.2,2.5,7.9,10.4,8.4,5,1,4.7,5.2,31.6,114.3,92.3
4,Julius Randle,19.57,206,113,0,1,40,100,30.8,24.5,0.567,13.3,24.7,19.2,10,1,2.6,16.1,25.4,0.191,7.5,9.6,19.2,0.1,0.9,10,14.2,6.8,13.6,20.5,2.8,1,1.5,5,4.5,29.5,115.9,97.8
1.5,Nik Stauskas,20.71,198,92,0,2,36,100,35.6,22.7,0.642,1.6,8.8,5.3,18.8,1,0.9,12,24.4,0.193,9.3,9.2,19.7,4.6,10.4,8.4,10.2,0.7,4.5,5.2,5.9,1,0.5,3.3,2.3,31.5,127.9,109
2,Noah Vonleh,18.84,208,108,0,1,30,96.67,26.5,22.2,0.604,10.8,27.3,19.4,4.9,1.9,5.4,18.6,21.4,0.182,6.6,8.3,15.8,1.2,2.4,7,9.8,5.2,14.5,19.7,1.3,1.9,3,4.7,5.9,24.8,113,91.7
2.5,Elfrid Payton,20.34,190,81,0,3,35,97.14,35.9,25.2,0.551,7.1,11.7,9.4,32.9,3.6,1.7,17.2,27.6,0.177,6.8,10.6,20.8,0.6,2.4,8.2,13.5,3.6,5.8,9.4,9.3,3.6,0.9,5.7,3.7,30.1,113.7,102.5
2.5,Doug McDermott,22.48,203,102,0,4,35,100,33.7,32.8,0.644,6.4,17.8,12.6,11.5,0.4,0.5,7.9,36.2,0.261,10.9,17.1,32.5,5,11.1,9.2,10.7,3,9.7,12.7,2.9,0.4,0.3,3.2,3.5,48.4,127.4,106
4,Zach LaVine,19.29,196,81,0,1,37,2.7,24.4,14.6,0.545,2.4,9.5,6.1,12.6,2.1,0.8,11.6,20.1,0.111,2.9,8,18.2,3,8.1,3,4.3,1.1,4.8,5.9,4.2,2.1,0.4,2.7,4.6,22.1,109.1,104.8
3,T.J. Warren,20.8,203,105,0,2,35,100,35.4,31.3,0.574,10.8,12.7,11.8,8.6,3.1,1.8,9.9,35.5,0.209,10.8,17,32.5,1.5,5.8,7.8,11.3,5.6,6.8,12.4,2,3.1,1,4.1,4.8,43.4,116.6,103.6
0,Adreian Payne,23.35,208,111,0,4,31,90.32,28.1,25.1,0.607,6.8,22.9,15.2,10.2,1,3.8,13.1,28.9,0.2,7.5,12.4,24.7,3.1,7.2,7.6,9.6,3.3,12.3,15.7,2.9,1,2,4.4,5.6,35.5,116.5,97.6
1,James Young,18.86,198,97,0,1,40,97.5,32.4,16.6,0.536,3.7,11,7.5,10.8,1.4,0.6,12.3,23.4,0.145,6.1,8.6,21.1,3.8,11,5.9,8.3,1.9,6.1,8,3.1,1.4,0.4,3.5,3.9,26.8,114.8,104.3
1.5,Tyler Ennis,19.84,188,81,0,1,34,100,35.7,21.3,0.511,2.6,9,5.7,32.3,3.9,0.7,11.9,21.9,0.18,8.7,8.1,19.6,1.6,4.6,6.2,8.1,1.5,4.8,6.3,10.2,3.9,0.3,3.2,3.8,24,117.4,98.7
3,Gary Harris,19.78,193,95,0,2,35,97.14,32.3,22.5,0.561,4,10.2,7.3,16.8,3.4,1.6,10.3,26.8,0.188,10.3,10.5,24.4,4.3,12.3,6.2,7.6,2,5.5,7.5,5,3.4,0.8,3.2,3.9,31.4,116.9,99.3
1,Mitch McGary,22.05,208,115,0,2,8,50,24.8,26.2,0.572,15.5,27.1,21.5,12.6,4.9,3.2,16.4,22.5,0.208,8.6,9.7,17.8,0,0.6,5.2,7.8,7.4,13.9,21.3,3.9,4.9,1.9,4.2,8.1,24.6,116.3,91.3
0,Jordan Adams,19.96,196,99,0,2,36,100,30.1,28.3,0.603,7.5,13.1,10.4,14.7,5,0.6,9.4,26.5,0.237,11.5,11,22.6,2.7,7.7,8.3,10,3.5,6.6,10.1,4.4,5,0.3,2.9,4.1,33,125.1,96.9
2.5,Rodney Hood,21.68,203,97,0,3,35,94.29,32.9,20.1,0.59,2.9,11.7,7.2,13.2,1.3,0.8,10.2,23.8,0.17,7.2,10.2,21.9,3.8,9,5.8,7.2,1.5,5.8,7.3,4,1.3,0.5,2.9,4.8,29.9,122.5,107
2,Shabazz Napier,22.95,185,81,0,4,40,100,35.1,25.5,0.591,3.4,15,9.7,30.8,3.2,1,15.8,27.5,0.226,12,9.3,21.6,3.8,9.3,9,10.3,1.7,8.5,10.2,8.5,3.2,0.6,5,3.7,31.3,118.9,94.9
1,P.J. Hairston,21.5,198,99,0,2,34,41.18,23.6,27.1,0.586,8.4,12.5,10.2,11.2,3,1.7,8.4,27,0.228,12.4,11,25.6,6.2,15.6,6.1,7.9,4.5,5.7,10.2,3.2,3,1,2.7,4.4,34.4,123.2,98.1
1,C.J. Wilcox,23.49,196,88,0,4,32,96.88,34.9,22,0.598,2.3,10.6,6.4,15.4,1.7,2.8,9.9,24.6,0.159,8.4,10.3,22.7,4.7,12,5.4,6.2,1.1,5.1,6.2,4.2,1.7,1.7,2.8,3.9,30.7,121.9,110
1,Josh Huestis,22.52,201,104,0,4,36,100,35.2,17.3,0.51,8.8,18.4,13.7,6.8,1,5.9,9.8,18,0.126,5.3,7.4,16.3,1.2,3.6,3,4.8,4.3,9.6,13.9,2,1,3.3,2,3.6,18.9,110.2,100.7
3,Kyle Anderson,20.76,206,104,0,2,36,100,33.2,24.7,0.566,4.5,25.5,15.4,34.3,3.1,2.7,19.1,24.1,0.189,10.9,8.6,18,1.3,2.8,6.5,8.9,2.1,12.9,15,11.1,3.1,1.3,5.3,2.9,25.2,113.4,95.4
1.5,K.J. McDaniels,21.37,198,90,0,3,36,97.22,33.7,28.4,0.566,8.8,15.9,12.5,12.8,2.3,8.9,13.3,29.1,0.221,12.9,11.5,25.1,2.3,7.6,8.5,10.1,4.7,9.3,14.1,3.1,2.3,5.5,4.6,4.4,33.9,114.4,90.8
2.5,Joe Harris,22.8,198,102,0,4,37,100,28.8,18.7,0.565,2.7,9.8,6.3,18.1,2.2,0.9,10.9,23.3,0.187,8.6,9.2,21,4.5,11.2,4.5,7.1,1.4,5.4,6.8,5.2,2.2,0.5,3,5.5,27.5,116,94.7
1,Cleanthony Early,23.19,203,99,0,2,36,100,27.4,26.5,0.627,5.9,18.6,12.5,6.4,1.8,3.3,12.9,28.8,0.246,9,11.8,24.3,4.1,11.1,9.5,11.3,3,10.4,13.4,1.7,1.8,1.8,4.4,5.2,37.2,121.3,91.4
1,Jarnell Stokes,20.46,203,117,0,3,37,100,32.4,27.6,0.576,15.3,23.1,19.2,13.7,1.4,2.9,13.7,24.6,0.227,9.5,10.6,19.9,0,0,8.5,12.2,8.2,12.6,20.8,4,1.4,1.8,4.1,3.9,29.6,121.9,95.4
1,Johnny O'Bryant,21.07,206,116,0,3,34,100,30,18.7,0.526,10.8,16.6,13.7,11.5,1,2.9,17.8,28.5,0.106,1.3,11.3,22.9,0.1,0.2,6.6,10.4,5.7,8.9,14.6,3.1,1,1.7,6,6,29.2,101.1,102.7
0,DeAndre Daniels,22.19,206,88,0,3,38,100,29,20,0.559,6.3,16.9,12,3.6,1.4,5.2,11.2,24.2,0.16,5.6,10.4,22.2,2.8,6.6,3.9,4.9,3,9.6,12.6,0.9,1.4,3,3.1,5,27.4,110,95.6
3,Spencer Dinwiddie,21.22,198,90,0,3,17,100,31.1,24.8,0.667,1.8,9.6,5.8,26.3,2.9,0.8,13.8,21,0.231,10.1,6.9,14.8,2.9,7.1,11.5,13.4,0.9,5,5.9,7.2,2.9,0.5,3.4,3.6,28.2,135.3,102
3.5,Jerami Grant,20.29,203,95,1,2,32,62.5,31.4,21.6,0.547,9.1,17.2,13,9.4,1.7,2.5,9.5,21.1,0.185,6.4,8.8,17.6,0,0.3,7.9,11.7,5.1,9.2,14.3,2.9,1.7,1.2,2.4,4.9,25.4,120.4,98.7
2,Glenn Robinson III,20.46,198,99,1,2,37,100,32.3,18.9,0.566,6,11.5,8.8,7.6,1.9,1,9.7,22.3,0.142,5.3,9.8,20,1.8,5.8,4.7,6.2,2.9,5.9,8.8,2.4,1.9,0.6,2.5,3,26,116.2,105.9
1,Nick Johnson,21.51,190,90,1,3,38,100,33.1,21.5,0.549,3,11.1,7.2,17.6,2.1,2,10.2,26.3,0.212,10.7,10.2,23.5,3.1,8.4,7.3,9.3,1.5,6.1,7.7,5.3,2.1,1.2,3.2,3.8,30.7,117,92.4
1.5,Markel Brown,22.4,190,86,0,4,34,100,35.3,22,0.591,3.5,12.9,8.4,16.9,1.6,3.1,10,23.1,0.191,8.9,9.1,19.3,2.6,6.9,7.1,9.3,1.7,6.8,8.6,4.7,1.6,1.7,2.6,4.1,28,121.7,100.4
3,Dwight Powell,22.93,208,108,0,4,36,100,32.4,19.7,0.527,7.3,17.3,12.5,20.4,2.4,2.8,17.8,26,0.131,5.7,8.9,19.4,0.5,2,7.4,10.8,3.6,9,12.6,5.7,2.4,1.5,5.3,5.8,25.8,104.3,99.6
3,Jordan Clarkson,22.05,196,87,0,4,35,100,35.1,20.2,0.547,2.9,9.3,6.4,23.3,1.9,0.6,14.3,27.9,0.142,4.3,10.4,23.1,1.6,5.6,8,9.7,1.4,5.3,6.6,5.8,1.9,0.3,4.6,3.8,30.3,112.7,108.2
0,Russ Smith,23.18,183,74,0,4,37,97.3,29.3,26.2,0.576,2.9,9.6,6.2,31.6,4,0.4,15.2,30.7,0.249,11.5,12,25.7,3.7,9.7,8.2,11.6,1.6,5,6.5,9.2,4,0.2,5.6,4.9,36,116.9,89.8
1,Lamar Patterson,22.87,196,102,0,5,36,100,32.6,24.2,0.569,3.8,14.4,9.2,29.9,2.8,1.2,14.7,29.1,0.2,11.4,11,25,4.4,11.2,7.2,9.5,1.9,7.6,9.5,8.4,2.8,0.7,5.1,4,33.6,115.4,97.7
1,Cameron Bairstow,23.55,206,113,0,4,34,100,32.9,29,0.611,8.5,16.5,12.8,11.8,1,4.9,10.7,29.9,0.232,9.7,12.9,23.2,0.1,0.2,11.9,16.2,4.1,9.5,13.7,2.9,1,2.8,3.7,3.9,37.8,122.9,99.6
0,Alec Brown,21.92,216,106,0,4,30,100,30.3,22.7,0.569,8.5,12.8,10.8,7,1,10.9,13.8,26.2,0.17,4.7,10.7,22.5,2.7,6.5,5.7,7.9,4.1,7,11.1,1.9,1,6.1,4.2,4.4,29.9,110.2,95.1
1,Semaj Christon,21.65,190,86,0,2,34,100,35.3,19.1,0.544,1.5,7.4,4.6,25.3,2.3,0.8,14.3,26.9,0.133,5.2,10.2,21.3,1,2.5,8,11.9,0.8,3.9,4.6,7.2,2.3,0.4,4.5,3.7,29.3,109.9,106.4
1,Devyn Marble,21.76,198,90,1,4,33,100,30.2,22.6,0.528,2.9,8.6,5.9,23.6,3.5,0.8,9.7,28.4,0.187,9,10.5,25.1,3,8.6,8.2,11.4,1.5,4.6,6.1,6.8,3.5,0.4,3.3,3.7,32.2,116.2,100.8
2,Jordan McRae,23.24,196,90,0,4,37,100,32.2,24,0.565,2.6,10,6.3,17.6,1.3,3.3,11.2,30.4,0.21,10.5,11.9,27.4,4.2,12,8.9,11.3,1.4,5.5,6.9,4.9,1.3,2,4.1,4.2,37,119.2,100.7
0,Xavier Thames,23.43,190,88,0,5,36,100,31.3,26.5,0.557,2.1,8.5,5.3,23.7,3.3,0.5,8.2,28.6,0.267,12.4,10.4,25.4,3.4,9.1,10.9,13.1,1.2,4.6,5.8,6.4,3.3,0.3,2.8,3.9,35.2,124.8,91.6
1,Cory Jefferson,23.5,206,99,0,5,38,100,29,23.8,0.553,11.6,21,16.4,7.4,0.8,4.7,9.8,24.2,0.179,6.3,10.4,20.8,0.8,2.1,7.7,12.1,6,11.6,17.6,2.1,0.8,2.8,2.9,4.7,29.3,119.9,102.7
4,Karl-Anthony Towns,19.61,211,113,0,1,39,100,21.1,31.4,0.627,14.2,22.3,18.5,11.6,1.4,11.5,14.2,23.7,0.311,14.3,11.1,19.5,0.2,0.6,8.3,10.2,7,12.9,19.9,3.4,1.4,6.7,4,8.8,30.6,126.8,78.1
3.75,D'Angelo Russell,19.33,196,81,0,1,35,97.14,33.9,26.6,0.573,3.6,15.4,9.8,30.1,2.8,1.1,14.8,30.2,0.229,11.9,11.8,26.3,4.8,11.8,6,8,1.8,8.3,10.1,8.9,2.8,0.6,5.2,3.8,34.4,115.7,94.5
1.5,Jahlil Okafor,19.53,211,122,0,1,38,100,30.1,30.7,0.641,14.8,18.2,16.6,9.4,1.5,4.5,15.6,27.6,0.235,10.4,14.8,22.3,0,0,5.3,10.3,7.1,10,17.1,2.6,1.5,2.9,5,4.3,34.9,119.9,95.4
2,Willie Cauley-Stein,21.85,213,108,0,3,39,97.44,25.9,23.8,0.588,11.1,17.3,14.5,7.4,2.9,7.1,13.9,17.8,0.239,12.6,8.4,14.6,0,0,4.9,7.9,5.5,10,15.6,2.4,2.9,4.2,3,4.8,21.6,119.8,80
1.5,Stanley Johnson,19.07,198,102,0,1,38,97.37,28.4,22.5,0.551,8.9,19.1,14.1,11.6,3.2,1.6,14.7,26.6,0.212,9.4,9.7,21.7,2.4,6.5,7.3,9.9,4.2,9.6,13.7,3.5,3.2,0.8,4.6,5.6,29.1,111.1,87.6
2,Frank Kaminsky,22.22,213,109,0,4,39,100,33.6,34.4,0.628,6,25.7,16.1,18.4,1.7,4.5,9.8,28.6,0.299,16.2,13.7,25,2.2,5.2,8,10.3,3,13.4,16.4,5.3,1.7,2.9,3.2,3.3,37.6,129.6,92.6
2,Justise Winslow,19.25,198,102,1,1,39,100,29.1,22.3,0.572,5.4,19.8,13.1,13.2,2.8,2.9,14.2,22.9,0.196,10,9.2,19,2.5,5.9,5.3,8.3,2.6,10.9,13.5,4.4,2.8,1.8,3.8,5.8,26.3,115.2,92.8
3.5,Myles Turner,19.25,211,108,0,1,34,20.59,22.2,25.5,0.556,7.2,24.9,16.7,6.2,0.8,12.3,13.2,25.1,0.213,9.3,9.9,21.6,1.4,5.2,7.9,9.4,3.7,15,18.7,1.7,0.8,7.5,4,6.9,29.1,112.6,86.3
2.5,Trey Lyles,19.64,208,106,0,1,36,58.33,23,19.8,0.543,9.9,16.1,13.3,9.2,1.4,2.1,12.4,20.8,0.213,8,8.9,18.2,0.3,2.2,5.7,7.7,4.9,9.3,14.2,2.9,1.4,1.2,3.1,4.3,23.7,115.9,86.3
4.5,Devin Booker,18.65,198,93,1,1,38,0,21.5,19.4,0.6,2.6,7.8,5.4,10.9,1.3,0.3,10.4,22.8,0.219,9.4,10.4,22.1,4.5,10.8,4.1,4.9,1.3,4.5,5.8,3.2,1.3,0.2,2.8,4.5,29.3,123.1,92.2
2.5,Cameron Payne,20.88,188,81,0,2,35,100,32.2,30.1,0.573,2.2,10.6,6.6,40,3.6,1.6,12.4,31.5,0.258,9.9,12.9,28.3,4.4,11.7,7,8.9,1.1,5.7,6.8,11,3.6,0.9,4.6,3.8,37.2,122.5,99
3,Kelly Oubre Jr.,19.54,201,90,0,1,36,75,21,21.1,0.555,6.4,19.2,13.2,8.1,3.3,1.8,12.5,23.1,0.18,8.8,8.7,19.7,2.7,7.5,6.3,8.7,3.3,10.9,14.2,2.2,3.3,1,3.4,5.6,26.4,112,92.6
3,Terry Rozier,21.27,185,86,0,2,36,97.22,35,22.1,0.509,3.8,13.9,8.8,19.7,3.5,0.5,11.6,27.8,0.191,9.4,10.4,25.2,2.3,7.6,6.7,8.5,2.1,7.6,9.7,5.2,3.5,0.3,3.8,3,29.8,108.3,90.4
0,Rashad Vaughn,18.86,198,95,0,1,23,100,32.3,20.2,0.547,2.3,13.7,8.4,11.8,1.5,1.1,11.8,30.8,0.132,4.5,11.9,27.1,4.5,11.7,5.6,8.1,1.2,8,9.2,3,1.5,0.7,4.1,4.5,33.9,103.6,100.4
1.5,Sam Dekker,21.14,206,104,0,3,40,100,31,25.5,0.605,8.4,14.8,11.7,8.6,1.1,1.5,7.3,23.2,0.225,10.4,11.6,22,2.7,8.2,4.3,6.1,4.2,7.8,11.9,2.7,1.1,1,2,2.3,30.2,128.6,99.8
1.5,Jerian Grant,22.71,196,92,1,4,38,100,37.1,25.5,0.592,1.3,8.3,5.1,33.6,2.8,1.4,13.4,24.2,0.218,9,9.1,19,2.2,7,7.6,9.7,0.6,4.5,5.1,11.3,2.8,0.8,3.7,3.3,28,125.6,104
2.5,Delon Wright,23.16,196,80,1,2,35,100,33.3,29.2,0.619,4,13.7,9.3,33,4,3.2,14.2,22.8,0.289,15.5,9,17.8,1.4,4,8.4,10,1.9,7.6,9.5,9.8,4,1.9,3.7,2.7,27.9,129.8,87.7
1.5,Justin Anderson,21.6,198,102,0,3,26,84.62,27.8,23.8,0.61,3.1,14.4,9,14,1.6,2.5,10.7,23.3,0.241,12.7,9.7,20.8,4.4,9.8,6,7.7,1.6,8.3,9.9,4.2,1.6,1.3,2.9,2.8,29.9,123.5,89.4
3,Bobby Portis,20.37,211,109,0,2,36,100,29.9,29.5,0.582,13.6,20.2,16.8,8.8,2.1,4.8,9.4,26.7,0.227,8.9,13.3,24.7,0.7,1.6,6.1,8.3,7.1,10,17,2.2,2.1,2.7,3,4.1,33.3,122,96.9
2.5,Rondae Hollis-Jefferson,20.47,201,97,0,2,38,65.79,28.7,21.8,0.573,9,20.1,14.8,10.1,2.4,3.4,13.7,20.5,0.218,9.4,7.6,15.2,0.3,1.6,8,11.3,4.2,10.1,14.3,3.3,2.4,1.8,3.3,5.2,23.6,118.5,87.8
2.5,Tyus Jones,19.12,185,86,1,1,39,100,33.9,20.4,0.575,1.8,9.9,6.1,27.5,2.7,0.2,15.9,18.7,0.196,9.3,6.2,14.9,2.2,5.7,6.6,7.4,0.9,5.4,6.3,10,2.7,0.1,3.5,2.1,21.2,125,99.2
1.5,Jarell Martin,21.09,208,107,0,2,33,96.97,35.1,21.6,0.565,9.7,18.1,14.1,10.5,1.9,1.8,15.7,24.8,0.174,4.7,10,19.7,0.7,2.6,6.9,10.1,4.9,10.3,15.1,2.9,1.9,1.1,4.6,4.6,27.7,109.8,94.2
3,Larry Nance Jr.,22.48,203,106,1,4,31,96.77,34.9,25.3,0.581,6,21.1,14.1,20,2.3,4.3,14,28.5,0.199,7,11.7,22.8,0.9,2.7,7.2,9.2,2.8,11.4,14.2,4.8,2.3,2.3,4.4,4.4,31.6,109.6,90.6
1,R.J. Hunter,21.67,198,86,0,3,35,100,37,25.8,0.552,2.8,12.5,7.9,20.3,3.6,3.6,11,29.6,0.215,7.1,9.8,24.7,3.8,12.6,9.7,11.1,1.3,6.6,7.9,6.1,3.6,1.7,3.7,4.1,33.1,115.4,95.5
1,Chris McCullough,20.38,208,99,0,1,16,100,28.1,18.9,0.508,9,18.5,13.8,8.2,3.6,8.5,19.3,20.7,0.126,5.2,7.3,15.2,0.1,0.1,5.4,9.6,4.8,10,14.8,2.4,3.6,4.4,4.7,5.5,20.1,95.7,88.6
3,Kevon Looney,19.38,206,99,1,1,36,100,30.9,21.9,0.532,12.2,21,16.6,9.1,2.5,3.3,10.3,19.7,0.172,7,8.1,17.1,1.2,2.8,4.9,7.8,6.5,11.2,17.7,2.7,2.5,1.7,2.4,5.6,22.2,116.5,97
3,Montrezl Harrell,21.41,203,106,0,3,35,100,35.1,24.8,0.588,10,19.1,14.5,9.2,1.6,3.7,12.9,22.3,0.214,9.5,10.6,18.7,0.4,1.8,5.7,9.5,5.5,10.4,15.9,2.4,1.6,2.1,3.4,3.7,27.3,117.4,90.3
1,Jordan Mickey,20.96,203,106,0,2,31,100,34.9,21.7,0.533,10.5,19.6,15.3,7.6,1.5,9.6,18.4,25,0.143,4.8,10.1,20.1,0.1,0.5,5,7.8,5.3,11.1,16.4,2.1,1.5,6,5.4,4.3,25.4,99.7,90.2
1,Anthony Brown,22.7,198,97,0,5,37,97.3,35.7,19.5,0.573,3.8,18.8,11.4,15.2,1.3,0.6,13.1,21.7,0.159,7.1,8.1,18.9,3.7,8.3,5.4,6.8,1.9,9.9,11.8,4.3,1.3,0.3,3.3,3.6,25.3,116.8,102.3
0,Rakeem Christmas,23.56,206,113,0,4,31,100,34.3,26.5,0.591,10.2,19.6,14.9,10.5,1.7,8.5,14.5,25.8,0.203,8.1,11.6,20.9,0,0.1,7.7,10.9,5.5,10.5,16,2.7,1.7,4.4,4.4,6,30.8,113.6,92.5
2.5,Richaun Holmes,21.69,203,111,0,3,31,96.77,28.8,30.4,0.625,11.6,20.9,16.3,7.2,1.5,11.2,14.1,25.6,0.23,8.7,11.6,20.6,1.3,3,7.7,10.8,6.2,11.2,17.4,1.8,1.5,5.8,4.2,5.4,32.1,119.6,92.7
1.5,Darrun Hilliard,22.2,198,97,0,4,35,100,28.8,23.1,0.576,2,10.7,6.5,15.9,3.8,1.3,8.8,25.2,0.218,10,10.4,23.6,4.8,12.5,5,6.3,1,5.7,6.7,4.5,3.8,0.7,2.6,4.8,30.6,119.5,92.8
3,Josh Richardson,21.77,198,90,0,4,32,100,36.3,22.9,0.56,2.9,13.2,7.8,24.4,3.8,2,15.7,25.5,0.159,8.3,10.4,22.4,2.6,7.2,5.6,7,1.6,6.5,8,6.5,3.8,0.9,4.8,4.4,28.9,112.9,103.1
2.5,Pat Connaughton,22.46,196,98,0,4,38,100,35.6,19.4,0.615,4.2,20.4,13,7.6,1.3,2.7,10.2,17.7,0.16,7.6,7.7,16.5,4.3,10.2,2.3,3,1.9,11.2,13.1,2.6,1.3,1.7,2,3.5,22.1,122.1,101
0,Olivier Hanlan,22.35,193,86,0,3,32,96.88,37.6,22.2,0.553,2.6,11.5,7.1,29.1,2.1,0.1,13.1,30.1,0.145,6.4,11.7,25.8,3.4,9.6,5.7,7.5,1.2,5.8,7,7,2.1,0.1,4.4,3.5,32.5,109.3,106.3
1.5,Joe Young,22.99,188,83,1,4,36,97.22,36.7,23.2,0.568,1.7,11.6,6.9,21.3,1.8,0.1,11.7,28.7,0.17,6.7,11.8,26.3,4,11.3,5.5,6,0.8,6.3,7.1,6,1.8,0,3.9,2.3,33.1,115.4,106.2
1.5,Andrew Harrison,20.66,198,95,1,2,39,100,25.5,18,0.531,1.7,8.1,5.1,26,2.5,0.9,15.7,21.4,0.205,8.4,6.4,16.9,2.3,5.9,8,10,0.8,4.7,5.5,8.8,2.5,0.5,4,4.4,23,115.2,89.2
1,Marcus Thornton,22.37,193,86,0,4,33,100,36.7,21.8,0.605,1,7.9,4.7,17.5,1.1,0.4,12.4,28.5,0.154,1.3,11,24.1,5.2,13,6.5,7.8,0.5,4.2,4.7,4.9,1.1,0.2,3.9,1.8,33.7,115.5,109.7
3,Norman Powell,22.08,193,97,0,4,36,100,34.6,19.6,0.54,1.9,13.3,7.6,12.8,3.2,1.5,12.8,25.3,0.14,6.2,10.2,22.3,1.8,5.7,6.1,8.1,1,7.1,8.1,3.6,3.2,0.8,3.8,4.3,28.2,107.4,99.8
0,Dakari Johnson,19.76,213,115,0,2,39,0,16.3,22.3,0.553,13.4,19.1,16.5,8.9,1.4,6.1,15.8,22,0.229,8.2,7.8,15.4,0,0,8.9,14.2,6.6,11.1,17.7,2.9,1.4,3.6,4.1,6.8,24.5,113.9,82.6
0,Aaron White,22.79,206,103,0,4,34,100,31.5,29.3,0.633,7.7,18.5,13.2,10.2,2.6,1.7,8.5,23.5,0.27,12.2,9.9,19,1.2,3.4,11.3,13.8,4.1,10.3,14.4,2.8,2.6,0.9,2.4,3.1,32.4,133.9,94.2
0,Tyler Harvey,21.94,193,83,0,3,32,100,36.9,26.9,0.643,2,9.6,5.8,13.9,1.8,0.4,10,27.5,0.207,4.4,11.4,24.3,6.3,14.7,7.4,8.7,1,4.8,5.7,4.1,1.8,0.2,3.2,3,36.6,129.1,112.2
0,Sir'Dominic Pointer,23.13,198,87,0,4,33,96.97,34.6,24.7,0.566,6.3,17.2,11.9,18,3.3,7.4,14.2,21,0.18,10.1,9.1,17.3,0.1,1.3,5.2,7.1,3.3,9.8,13.1,5.1,3.3,4.1,3.4,5.1,23.4,113.8,94.2
0,Cady Lalanne,23.17,208,114,0,4,32,100,29,20.8,0.582,13.5,23.4,18.5,2.4,1.2,6.4,20.1,21.3,0.126,2.4,8.7,15.7,0.2,1.1,5.7,9,6.9,12.2,19.2,0.6,1.2,3.8,5,5.5,23.3,104.8,98.7
0,Branden Dawson,22.39,198,102,0,4,35,91.43,30.1,23.8,0.533,11.9,23.5,17.9,12.2,2.5,6.3,14.7,23.4,0.168,8.6,11,20.5,0,0,3.1,6.3,6.1,13,19.1,3.6,2.5,3.5,4,4.3,25,106.6,91.1
0,J.P. Tokoto,21.77,198,90,1,3,38,89.47,29.1,15.9,0.484,6.4,14.3,10.6,24,2.9,1.3,20.7,17.9,0.118,7.2,6.1,14.2,0.6,1.7,3.8,6.1,3.2,7.9,11.1,8.5,2.9,0.7,4.4,4.8,16.5,103.8,98.1
4,Ben Simmons,19.93,208,102,0,1,33,96.97,34.9,29,0.6,9.6,26.8,18.2,27.4,3.1,2.5,17.4,26.4,0.207,10.3,10.3,18.4,0,0.1,9.5,14.2,4.9,13.6,18.5,7.5,3.1,1.3,5.3,4.4,30.1,117.2,98.4
3.75,Brandon Ingram,18.81,206,86,0,1,36,94.44,34.6,22.5,0.552,6,15.5,10.8,11.4,1.9,3.6,11.3,25.5,0.157,8,10,22.7,3.8,9.1,5.4,8,3.1,8.3,11.4,3.4,1.9,2.3,3.4,3.5,29.3,114.8,104.4
4.25,Jaylen Brown,19.67,201,102,0,1,34,100,27.6,17.6,0.518,4.4,16.6,10.8,15.3,1.7,2.2,17.9,31.4,0.117,3.6,10.2,23.6,1.9,6.4,8.9,13.5,2.2,9.1,11.4,4.2,1.7,1.4,6.6,6.7,31.1,98.5,97.2
2,Kris Dunn,22.27,190,92,0,4,33,96.97,33,23.3,0.541,3.5,14.8,9,41.8,4.3,1.9,18.8,28.1,0.166,10.1,9.7,21.6,2.2,6,7,10,1.9,7.4,9.3,10.8,4.3,1.1,6.1,4.9,28.5,106.1,95
3,Buddy Hield,23.52,193,94,0,4,37,100,35.4,28.2,0.665,4,13.1,8.8,12.7,1.8,1.4,14,30.2,0.233,12.8,12.9,25.9,6.3,13.9,7.6,8.6,2,7.1,9.1,3.2,1.8,0.8,4.9,3.3,39.8,124,101.6
4,Jamal Murray,19.33,196,93,0,1,36,100,35.2,22.7,0.59,4.9,11.2,8.2,12.1,1.6,0.9,12.1,27.3,0.193,9.5,11.3,25,5.2,12.9,5.5,7.1,2.5,6.2,8.6,3.7,1.6,0.5,3.9,3.5,33.4,120.3,102.8
1,Marquese Chriss,18.98,206,102,0,1,34,100,24.9,21.6,0.585,9.8,11.6,10.7,6.3,1.9,5.8,14.7,24.1,0.148,4.9,10.8,20.4,1.3,3.6,5.3,7.8,5.1,5.9,11.1,1.6,1.9,3.3,4.2,8.3,28.3,111.9,102.2
3,Jakob Poeltl,20.7,213,104,0,2,36,100,30.4,31.1,0.665,11.9,22.1,17.4,13.9,1.1,5,13.7,25.6,0.25,10.4,12.3,19.1,0,0,8.9,12.9,5.5,12.2,17.7,3.8,1.1,3,4,4.5,33.5,128.7,98.5
4,Domantas Sabonis,20.15,208,104,1,2,36,86.11,31.9,29.3,0.654,11.7,28.3,20.7,11.3,1.1,2.7,16,25.5,0.26,8.2,12.2,20,0.3,0.7,7.7,10,5.6,16.2,21.8,3.3,1.1,1.6,4.7,5.9,32.4,124.7,91.2
2.5,Taurean Prince,22.26,201,97,0,4,34,100,30.6,20.8,0.537,9.2,14.8,12,14.8,2.4,2.7,15.3,28.1,0.148,6.6,10.6,24.6,3,8.4,6.4,8.3,4.6,7.1,11.7,4.4,2.4,1.4,5.2,4.9,30.7,109.7,102.7
1.5,Denzel Valentine,22.61,196,99,0,4,31,96.77,33,29.7,0.608,3,21.2,12.8,45.8,1.9,0.7,14.8,28.5,0.284,15.6,12,26,6.1,13.7,4.7,5.6,1.5,12.2,13.7,14.1,1.9,0.4,5,3,34.9,127.1,94.1
1,Wade Baldwin,20.24,190,88,0,2,33,90.91,30.4,20.7,0.571,1.5,11.6,7,33.7,2.3,1,18.2,25.3,0.179,7.1,7.8,18.2,2.4,5.8,8.9,11.2,0.8,6.9,7.6,9.9,2.3,0.6,5.3,4.9,26.9,112.7,97.7
1,Henry Ellenson,19.45,208,111,0,1,33,100,33.5,20.9,0.534,7.8,24.2,16.5,11,1.4,4.4,12.9,26.7,0.143,3.9,9.7,21.7,1.5,5.2,7.1,9.5,3.5,12.5,16,2.9,1.4,2.4,3.9,4.2,28,106.3,98.5
2.5,Malik Beasley,19.58,196,86,0,1,34,97.06,29.8,20.8,0.583,5,15.1,10.1,9.8,1.8,0.6,11.5,24.2,0.158,6.2,10.2,21.6,3,7.8,5.7,7,2.4,7.5,9.9,2.8,1.8,0.3,3.2,4.1,29,117.5,105.4
3,Caris LeVert,21.83,201,90,0,4,15,93.33,30.9,28.8,0.636,2.4,18.9,10.6,33.3,2,0.7,11.4,25.6,0.243,11.4,10.8,21.2,3.8,8.5,7.1,8.9,1.2,9.3,10.5,9.7,2,0.4,3.3,2.4,32.4,129.4,102.1
2,DeAndre' Bembry,21.98,198,95,1,3,36,97.22,37.3,22.4,0.539,4.3,18,11.3,24.1,2.2,2.5,11.2,24.4,0.174,8.2,10.1,21.1,1.4,5.4,5,7.6,2.2,9.7,11.9,6.8,2.2,1.3,3.1,3.7,26.7,113.2,97.8
1,Malachi Richardson,20.47,198,88,0,1,37,100,34.4,13.8,0.51,1.7,12.1,6.9,12.8,2,0.9,14,23.2,0.104,3.5,7.4,20,3.8,10.8,5.5,7.6,0.9,6.7,7.7,3.7,2,0.5,3.8,4.4,24,102.6,102.3
0,Brice Johnson,22,206,103,0,4,40,97.5,28,33,0.649,11.6,28.7,20.4,9.7,2.2,5.5,12,25,0.271,12.7,13.6,22.1,0,0,7.3,9.4,5.8,15.3,21.2,2.9,2.2,3,3.6,5.4,34.5,130.1,92.4
4.25,Pascal Siakam,22.23,206,104,0,2,34,100,34.6,31.6,0.569,13.4,23.6,18.8,12.1,1.7,6.5,10,29.1,0.266,8.2,14,26,0.2,0.8,7,10.3,6.7,13.4,20.2,3,1.7,3.8,3.4,4.7,35.2,119.7,86.7
1,Skal LabissiÃ¨re,20.27,211,102,0,1,36,50,15.8,18.6,0.54,7.3,14.7,11.1,3.6,0.9,10.3,13.1,22.2,0.141,2.6,10.2,19.7,0,0.2,4.3,6.4,3.6,8.1,11.7,1.1,0.9,6.1,3.4,11.2,24.6,107.9,97.1
4,Dejounte Murray,19.76,196,77,0,1,34,100,33.5,16.8,0.485,4.1,13.7,8.8,25.6,2.8,0.8,16.3,25.8,0.099,3.6,9.1,21.9,1.5,5.3,5,7.5,2.2,7,9.1,6.8,2.8,0.5,5,4.1,24.7,99.7,102
2,Damian Jones,20.99,208,112,0,3,33,100,26.2,23.3,0.584,9.9,17.3,13.9,10.2,0.5,5.9,14.2,26.8,0.175,6.2,12.3,20.8,0,0.2,6,11.2,4.9,10.2,15.2,2.5,0.5,3.6,4.3,7.2,30.6,110.4,95.8
1,Deyonta Davis,19.56,208,111,0,1,35,45.71,18.6,23.9,0.601,13.5,19,16.5,7.5,0.8,10.2,12.1,19.3,0.204,7.8,11,18.3,0,0,2.1,3.5,6.6,11,17.6,2.4,0.8,5.9,2.8,7.4,24,121.4,91.1
1.5,Cheick Diallo,19.78,206,98,0,1,27,3.7,7.5,20.5,0.572,10.4,27.1,19.4,0.9,2,11.9,19.4,21.7,0.159,3.7,9.4,16.5,0,0,4.3,7.7,4.8,14.5,19.3,0.3,2,6.5,4.8,10.8,23,101.3,85.5
1.5,Tyler Ulis,20.47,175,70,0,2,35,100,36.8,24,0.567,1.7,7.1,4.6,34.3,2.3,0.3,11.4,23.3,0.221,10.3,8.8,20.2,2.5,7.3,7.6,8.9,0.9,3.9,4.8,11.2,2.3,0.2,3.1,2.9,27.7,128.8,103.6
3.5,Malcolm Brogdon,23.54,196,98,0,5,37,100,34.1,25.1,0.585,2.1,13.4,7.9,19.5,1.8,0.9,8.3,28.4,0.222,11.3,11.8,25.9,3.9,9.9,7.2,8,1,6.7,7.7,5.9,1.8,0.5,2.7,3.9,34.7,122.5,99.9
0,Chinanu Onuaku,19.65,208,104,1,2,31,93.55,24.6,26.4,0.62,13.7,25.8,19.8,12.9,1.9,9.6,20.8,20.5,0.218,10.5,10.8,17.5,0,0.1,2.6,4.4,7.2,13.6,20.8,4,1.9,4.9,5.1,7.3,24.3,114.7,84.9
2,Patrick McCaw,20.67,198,81,0,2,33,96.97,33.7,21.3,0.591,3.6,12.4,8,22.7,3.9,1.2,14.2,20.3,0.179,7.6,8.2,17.5,3.3,9,4,5.1,1.8,6.4,8.2,6.2,3.9,0.6,3.3,3.5,23.6,117.1,96
0,Diamond Stone,19.37,211,115,0,1,35,62.86,23.1,26.7,0.61,12.4,14.5,13.6,4.2,1.3,7.1,12.9,26.7,0.204,5.8,12.3,21.7,0,0,7.5,9.9,5.7,8.2,13.8,1.1,1.3,4.1,3.9,5.9,32.1,118.4,98.1
0,Stephen Zimmerman,19.79,213,108,0,1,26,92.31,26.2,17.6,0.519,8.8,26.5,17.7,6.4,1.1,7.5,17.1,21.9,0.122,1.4,8.1,17,0.4,1.4,5,8,4.5,13.6,18,1.7,1.1,4.1,4.3,6.3,21.6,98.7,92.7
1.5,Isaiah Whitehead,21.3,193,95,0,2,34,97.06,32.3,20.5,0.511,1.8,9.8,5.9,33,2.1,4.5,16.4,31.6,0.153,8.9,10,26.4,4.2,11.4,7.7,10.1,0.9,5.4,6.3,8.9,2.1,2.5,6.1,4,31.8,104.5,97.4
1.5,Demetrius Jackson,21.8,185,89,0,3,35,100,36,21,0.56,3,8,5.6,25.1,2.1,0.8,13.3,24.1,0.141,6.1,9.4,20.9,2.6,8,5.5,6.8,1.5,4.4,5.9,8,2.1,0.5,3.7,3.3,27,117.9,112.2
0,A.J. Hammons,23.83,213,118,0,4,33,60.61,24.6,31,0.623,11.5,24.9,18.7,10.5,0.7,10.4,14.1,28.6,0.241,11.9,14.4,24.4,0.4,0.8,6.5,9.2,5.6,14,19.6,2.7,0.7,6.1,4.7,5.7,35.9,117.7,88.7
2,Jake Layman,22.3,206,92,0,4,36,100,30.9,18.8,0.64,4.4,14.4,9.9,7,2.1,3.4,15.8,18.2,0.159,8.2,7.5,15,3,7.7,4.2,5.1,2,8.1,10.1,2.2,2.1,1.9,3.3,3.7,22.2,118,98.6
0,Michael Gbinije,24.05,201,90,0,5,37,100,37.9,20.9,0.574,3.2,8.8,6,26.3,3.1,1.1,15.7,24.8,0.162,8.4,9.9,21.4,4,10.2,4.7,7,1.8,4.9,6.6,7,3.1,0.6,4.6,4.3,28.4,113.4,101.8
2.5,Georges Niang,23.02,203,104,0,4,35,100,33.2,25.9,0.625,4.8,15.6,10.6,19.2,1.5,1.8,13.8,28.7,0.192,8.7,13.6,24.9,2.7,6.9,4.6,5.7,2.2,8.3,10.5,5.6,1.5,1.1,4.4,5.3,34.6,118.6,104.7
0,Ben Bentil,21.24,203,104,0,2,35,94.29,34.2,24.8,0.567,8.4,16.7,12.4,8,1.4,3.1,9.3,29.6,0.193,8.2,11.8,25.5,2.5,7.6,9.3,11.9,4.5,8.3,12.8,1.9,1.4,1.7,3.2,4.6,35.3,115.7,100
0,Joel Bolomboy,22.41,206,104,0,4,33,100,31.5,29.1,0.634,13.1,31.3,23,7.4,1.3,3.6,14.9,26.1,0.248,4.3,10.8,18.9,1.1,3.1,8.9,12.8,6.1,17.2,23.3,2,1.3,2.2,4.4,4.1,31.7,121.1,90.1
1,Kay Felder,21.24,175,81,1,3,35,100,36.7,28.7,0.572,2.2,9.8,6.1,50,2.9,0.5,13.9,31.3,0.237,8.3,11.2,25.5,3.2,8.9,9.9,11.7,1.1,5.1,6.2,13.5,2.9,0.3,5,4.3,35.5,122.9,105.9
0,Marcus Paige,22.79,185,79,0,4,34,100,31.6,17.4,0.537,1.6,7.1,4.4,18.6,2.1,1.5,9.5,19.4,0.154,8,7.5,18.8,3.9,11,3.8,4.9,0.8,3.8,4.6,6.8,2.1,0.8,2.2,2.7,22.7,122.3,104.8
1,Daniel Hamilton,20.88,201,86,1,2,36,100,31.9,20,0.492,3.5,27.1,16.1,29.2,2,1.5,15.6,25.1,0.165,8,8.4,21.7,2.5,7.5,4.5,5.3,1.7,15.2,16.9,9,2,0.8,4.5,3.5,23.8,104,89.9
2,Abdel Nader,22.75,198,104,0,5,35,100,31.1,15.8,0.583,2.9,14.4,9,8,1.9,2.1,16.9,21.5,0.104,3.5,8.3,17.3,2.7,7.2,4,5.4,1.3,7.6,8.9,2.8,1.9,1.2,4.1,5,23.2,105.4,104.3
0,Isaiah Cousins,22.29,193,84,0,4,37,100,33.3,15.9,0.506,2.1,11.9,7.3,25.1,2.3,0.8,16,21.8,0.123,5.4,7.7,19,3,7.2,3,4.4,1.1,6.5,7.5,7.7,2.3,0.5,4,2.9,21.4,106.3,101.3
1.5,Tyrone Wallace,22.04,196,90,0,4,28,89.29,32.2,19.7,0.513,3.5,14.3,9.1,28.5,1.8,1.3,15.1,27.4,0.149,6.6,9.8,22.3,1.6,5.5,6.5,10,1.8,7.9,9.6,8,1.8,0.8,4.8,4.1,27.8,106.6,98.8
2,Markelle Fultz,19.07,193,88,0,1,25,100,35.7,28,0.558,4,13.9,8.9,35.5,2.5,3.1,13.4,31.4,0.173,9.4,12.9,27.1,3.2,7.8,6.7,10.4,2,6.8,8.8,9.1,2.5,1.8,4.9,3.9,35.7,116.3,110.7
2.5,Lonzo Ball,19.66,198,86,1,1,36,100,35.1,24.7,0.673,3.2,14.3,9.3,31.4,2.8,2.1,18.6,18.1,0.214,12,8.1,14.6,3.4,8.3,2.8,4.2,1.4,7.8,9.2,11.7,2.8,1.2,3.8,2.8,22.4,131.3,100.7
5,Jayson Tatum,19.31,203,92,0,1,29,93.1,33.3,22,0.566,4.8,19.7,12.6,12.4,2.3,3.2,15,26.2,0.169,7.9,9.8,21.6,2.4,6.9,7,8.2,2.3,10.3,12.6,3.7,2.3,2,4.5,5.1,28.9,111.4,97.8
1.5,Josh Jackson,20.37,203,93,0,1,35,100,30.8,24.2,0.559,8.7,17.5,13.3,18.2,3.1,3.5,15.9,27.2,0.18,9.9,11.5,22.3,1.8,4.7,5.1,9,4.2,9.2,13.4,5.4,3.1,1.9,5,5.4,29.8,110.9,96.1
4.25,De'Aaron Fox,19.51,190,84,0,1,36,94.44,29.6,22.7,0.549,2.1,12.2,7.2,28.6,2.7,0.7,13.7,27.5,0.192,8.2,10.8,22.6,0.9,3.5,7.9,10.7,1.1,6.2,7.2,8.3,2.7,0.4,4.4,4.6,30.4,113.6,96.9
2.5,Jonathan Isaac,19.73,208,95,0,1,32,100,26.2,24.6,0.614,7.7,25.1,16.7,7.5,2.4,6.2,13.3,20.3,0.205,10,8.5,16.8,2,5.8,6,7.8,3.7,12.8,16.5,2.4,2.4,3.2,3.2,4.6,25.2,122.2,93.6
4,Lauri Markkanen,20.09,213,104,0,1,37,100,30.8,25,0.635,10,17.5,14,5.6,0.8,1.8,8.1,22.5,0.235,9.4,9.7,19.6,3.6,8.5,7.1,8.6,4.6,9.3,13.9,1.7,0.8,1,2.1,3.8,30,134.1,100.4
2,Dennis Smith Jr.,19.58,190,88,0,1,32,100,34.8,23.1,0.563,2.7,11.5,7.3,34.2,3.1,1.2,17.3,27.2,0.142,6.5,9.5,21,2.7,7.6,7.1,10,1.3,6,7.3,9.8,3.1,0.7,5.4,3.3,29,112.2,109.1
3,Zach Collins,19.6,213,104,0,1,39,0,17.3,31,0.703,12.1,23.3,18.4,4.4,1.5,9.8,17.8,24.8,0.299,10.6,11.3,17.3,0.8,1.8,9.2,12.4,5.5,13.7,19.3,1.3,1.5,5.8,5,8.8,32.7,125.3,79.5
3,Malik Monk,19.39,190,90,0,1,38,97.37,32.1,21.5,0.586,1.1,7.3,4.2,13.3,1.6,1.5,10.4,27.2,0.189,9,11.1,24.7,4.6,11.6,6.5,8,0.5,3.7,4.2,3.8,1.6,0.8,3.3,3.2,33.3,118.2,100.8
3,Luke Kennard,21,196,81,0,2,37,97.3,35.5,24.4,0.629,3.9,12.1,8.2,13.6,1.4,0.9,9.3,24,0.217,10.3,10.3,21.1,3.8,8.8,7,8.1,1.9,6.3,8.2,4,1.4,0.6,2.6,3.6,31.5,130.5,104.4
4.5,Donovan Mitchell,20.8,190,95,0,2,34,97.06,32.3,21.8,0.534,3.7,12.9,8.3,16,3.7,1.7,10.2,24.6,0.197,11.1,9.6,23.6,4.3,12,4.6,5.7,2,6.8,8.8,4.9,3.7,0.9,3,4.7,28.1,116.3,94.1
4.25,Bam Adebayo,19.94,208,117,0,1,38,100,30.1,22,0.624,11.1,17.3,14.2,4.7,1.2,4.9,13.9,18.5,0.196,8.2,8,13.3,0,0,7.2,11.1,5.5,8.7,14.3,1.5,1.2,2.7,3,4.7,23.2,123.7,95.8
2,Justin Jackson,22.25,203,87,0,3,40,97.5,32,21.3,0.555,4.8,10.8,7.8,15.8,1.3,0.8,9.5,25.7,0.191,9.8,11.4,25.6,4.5,12.2,4.2,5.6,2.5,5.5,8,4.9,1.3,0.4,3,2.4,31.4,121.2,102.4
0,Justin Patton,20.03,211,97,0,1,35,97.14,25.3,25.2,0.671,8,19,13.9,8.5,1.9,5.9,15.1,22,0.194,8.4,12.4,18.4,0.5,0.9,2.8,5.4,3.7,9.9,13.5,2.5,1.9,3.1,3.7,6,28.1,119.8,96.1
1.5,D.J. Wilson,21.35,206,99,0,3,38,94.74,30.4,20.9,0.628,6.6,16.5,11.6,8.5,1.1,5.2,11.2,18.3,0.166,7.9,8.9,16.6,2.2,6,2.7,3.3,3.1,7.9,11,2.7,1.1,3.1,2.3,3.9,22.7,124.1,103
1.5,T.J. Leaf,20.15,208,102,1,1,35,100,29.9,26.6,0.66,9,19.7,14.9,13.2,1.1,3.5,10.8,22,0.22,8.6,12.1,19.6,1.4,3,3.7,5.5,4,10.7,14.8,4.4,1.1,2,2.7,4.6,29.3,130.6,101.2
3,John Collins,19.75,208,98,0,2,33,100,26.6,35.9,0.658,16.4,25.6,21.1,4.5,1.3,6.6,11.1,29.9,0.256,9.9,14.9,23.9,0,0.1,10.4,14,7.9,12.7,20.6,1.1,1.3,3.3,3.8,6.2,40.1,129.9,105
1.5,Harry Giles,19.18,208,108,0,1,26,23.08,11.5,19.8,0.57,16.4,21.6,19.1,5.6,1.7,5.3,16.8,17.9,0.164,4.4,8.6,14.9,0,0,2.3,4.6,7.8,11.3,19.1,1.7,1.7,3.2,3.4,11.1,19.5,115.2,96.7
3.5,Jarrett Allen,19.18,211,106,0,1,33,100,32.2,20.3,0.571,10.9,18.9,14.9,5.7,1,5,17.8,22.6,0.124,5.2,9.8,17.4,0,0.4,4.6,8.2,5.5,9.8,15.3,1.5,1,2.8,4.6,3.7,24.3,104.9,99.9
3.5,OG Anunoby,19.94,203,97,0,2,16,62.5,25.1,23.8,0.611,8.5,16.1,12.5,11,3,5.5,15.2,20.8,0.172,8.9,9.7,17.5,2,6.4,3.9,6.9,4,8.4,12.5,3.3,3,3,3.7,4.7,25.3,118.5,99.4
0,Tyler Lydon,21.21,203,92,0,2,34,100,36.1,20.3,0.599,7.7,19.2,13.7,10.8,1.7,4.7,13.6,18,0.157,7,7.3,15.3,2.4,6,4.7,5.6,3.8,10.3,14.1,3.4,1.7,2.4,2.8,4,21.5,121.5,102.8
0,Caleb Swanigan,20.19,206,117,0,2,35,100,32.5,26.2,0.62,10.7,32.7,22.5,18.9,0.8,2.5,18.5,28.1,0.224,9.4,11.1,21.1,1.9,4.3,8.2,10.5,4.8,17.1,21.9,5.4,0.8,1.4,5.9,4.9,32.4,116.2,92.7
3,Kyle Kuzma,21.92,206,86,0,3,29,100,30.8,25,0.565,11.3,23.3,17.7,15.2,1.1,1.6,12.8,27,0.204,6.3,11.6,23,1.7,5.4,5.4,8.1,5.2,12.1,17.3,4.5,1.1,0.9,4,2.9,30.4,115.8,96.3
1.5,Tony Bradley,19.46,208,108,0,1,38,0,14.6,26.2,0.59,18.6,19,18.8,7.2,1,4.4,9.9,20.7,0.225,7.9,10.2,17.7,0,0,6.5,10.5,9.8,9.7,19.4,2.3,1,2.2,2.5,6.9,26.8,129.2,97.7
3.5,Derrick White,22.98,196,87,0,1,34,94.12,32.8,27.3,0.627,3.5,10.5,7,28.6,2.2,4.9,14.2,25.3,0.211,12.4,10.7,21,3,7.5,7.7,9.5,1.8,5.4,7.2,7.7,2.2,2.5,4.2,3.7,32,124.9,104
3,Josh Hart,22.31,196,92,0,4,36,97.22,33.1,28.2,0.619,5.8,17.6,12.2,18.8,2.9,1,11.5,27.8,0.257,12,12.1,23.7,3.8,9.3,6.5,8.7,2.6,9.1,11.7,5.4,2.9,0.5,3.6,4.1,34.4,125.1,94.5
2,Frank Jackson,19.14,190,92,0,1,36,44.44,24.9,17,0.598,3.1,8.3,5.8,12.6,1.3,0.2,12.9,21.1,0.147,5.1,8.5,18,3.3,8.3,4.9,6.5,1.5,4.3,5.8,3.9,1.3,0.1,3.1,5.4,25.2,119,106.4
1.5,Davon Reed,22.04,198,94,0,4,33,100,35.3,19.7,0.58,2.9,13.1,8.1,14.3,2.3,1.5,13.7,22.2,0.163,8.2,8.5,19.7,4.2,10.6,4.8,5.7,1.5,6.9,8.4,4.2,2.3,0.8,3.6,2.8,26.1,115.9,100.3
1.5,Wes Iwundu,22.51,201,92,0,4,35,100,31.4,20.1,0.585,4.1,20,12.3,22.9,1.9,1.2,17.2,22.3,0.16,7.5,8.1,16.9,1.7,4.6,6.6,8.6,1.9,10,11.9,6.5,1.9,0.6,4.4,3.4,24.6,113.5,100
1.5,Frank Mason III,23.23,180,83,0,4,36,100,36.1,25.5,0.622,2,10.5,6.4,26.1,2,0.2,12.4,25.6,0.23,11.3,10.4,21.2,3.5,7.5,8.1,10.3,0.9,5.5,6.5,8.1,2,0.1,3.7,3.1,32.4,128.6,103.5
1.5,Ivan Rabb,20.39,211,99,0,2,31,96.77,32.6,21.7,0.541,10.7,25.7,18.3,10.9,1.3,3.3,14.3,23.8,0.18,6.4,9,18.6,0.5,1.2,7.4,11.1,5.6,13.7,19.3,2.9,1.3,1.8,4,5.7,25.9,109.9,91.6
0,Jonah Bolden,21.48,208,97,0,1,31,35.48,21.7,12.4,0.499,5.8,17.5,11.8,7.8,1.7,4.2,15.3,12.1,0.086,3.7,4.2,10.2,0.7,3,2.7,3.7,3,9.5,12.5,2.7,1.7,2.2,2.2,5.3,12,105.9,103.7
2,Semi Ojeleye,22.55,203,104,0,4,35,100,34.1,26.5,0.621,8.4,15,11.9,9.3,0.8,1.6,8.5,25.9,0.257,9.3,11,22.6,3.8,9,9,11.5,4.2,8.4,12.6,2.8,0.8,0.7,2.6,3.3,34.9,131.8,98
2,Jordan Bell,22.46,201,86,0,3,39,97.44,28.8,26.4,0.658,12.2,22.4,17.6,11.4,2.5,8.5,18.8,18,0.222,10.8,8.8,13.9,0.2,0.7,4.2,6,5.8,11.9,17.7,3.6,2.5,4.5,3.9,3.5,22.1,123.8,89.1
1.5,Jawun Evans,20.91,183,79,0,2,32,100,29.3,27.3,0.535,2.8,11,6.8,43.6,3.3,0.5,13.6,32.7,0.206,9.2,12.4,28.3,2.1,5.6,9.1,11.2,1.4,5.1,6.5,12,3.3,0.2,5.3,4.3,36,118.8,108.3
1.5,Dwayne Bacon,21.82,201,95,0,2,35,100,28.8,20.8,0.544,4,12,8.1,11.6,1.9,0.4,11.4,29.4,0.151,5.5,12.1,26.7,3.1,9.3,5.7,7.5,1.9,6.1,8,3.3,1.9,0.2,3.9,3,33,110.4,103.4
1.5,Tyler Dorsey,21.35,193,81,0,2,39,100,30,19.6,0.606,3.5,9.6,6.7,10.7,1.5,0.4,11.1,22.9,0.178,6.8,9.4,20.1,4.4,10.3,5.2,6.9,1.6,5.1,6.7,3.3,1.5,0.2,2.9,2.8,28.4,120.9,101.6
2.5,Thomas Bryant,19.9,208,111,0,2,34,100,28.1,21.6,0.601,9.7,17.2,13.7,9.8,1.6,5.7,18,22.2,0.159,6.2,8.9,17.2,1.4,3.6,6.5,8.9,4.6,9,13.6,3,1.6,3.1,4.7,6.3,25.8,115.4,101.9
2,Damyean Dotson,23.14,196,94,0,5,32,100,34.3,23.9,0.611,5.1,18.1,11.5,6.9,1.6,0.6,6.8,23.1,0.216,9.4,11.2,23.8,6,13.5,2.4,2.9,2.7,9.6,12.3,2,1.6,0.3,1.8,2.9,30.8,127,98.3
3,Dillon Brooks,21.42,196,92,0,3,35,77.14,25.3,25.5,0.585,4.8,9.7,7.4,23.1,2.5,2,13,31.6,0.213,9.1,13.5,27.7,3.7,9.3,6.2,8.3,2.3,5.1,7.4,6.2,2.5,1,4.7,6.4,37,116.2,98.2
2,Sterling Brown,22.37,198,90,1,4,35,97.14,32.7,21.7,0.583,6,16.9,11.7,17.9,2.7,2.2,14.6,21.9,0.211,8.9,8.8,19.3,3.4,7.5,4.8,6,3,9.4,12.5,5.8,2.7,1,3.8,5,25.8,119.6,92.1
0,Ike Anigbogu,18.69,208,113,0,1,29,0,13,17.1,0.564,13.2,19.9,16.9,2.3,0.7,8.8,16.5,18.4,0.133,0.9,8.1,14.4,0,0,3.3,6.1,5.9,10.9,16.7,0.9,0.7,5,3.4,10.3,19.6,109,98.4
1.5,Sindarius Thornwell,22.61,196,97,0,4,31,100,33.9,30.3,0.59,8,16.3,11.9,19.1,3.6,3.4,11.9,29.5,0.273,17.1,10.6,23.9,3.2,8.1,11.7,14.1,4.2,7.8,12,4.7,3.6,1.6,4.1,3.9,36.1,122.2,89
3,Monte Morris,22,188,77,0,4,35,100,35.3,24.7,0.555,3.7,11.3,7.6,32,2.4,0.8,7.5,22.8,0.21,10.5,9.9,21.3,2.5,6.6,4.1,5.1,1.8,5.9,7.7,9.9,2.4,0.5,1.9,2.3,26.3,126.1,103
1.5,Edmond Sumner,21.48,196,77,0,3,21,95.24,33.1,21.1,0.57,1.8,13.7,7.6,30.2,2.3,2.7,17.4,24,0.154,8.8,8.5,17.7,1,3.7,8.4,11.4,0.9,6.7,7.7,8.8,2.3,1.3,4.9,4.3,26.4,113.8,104.1
1,Kadeem Allen,24.44,190,81,0,2,34,97.06,30,16.7,0.57,1.5,13.8,8.1,17.8,3.1,2.3,18.3,18.1,0.148,7.4,6.2,13.8,1.9,4.4,5,6.8,0.7,7.3,8,5.9,3.1,1.2,3.8,4.8,19.4,111.3,96.3
1,Alec Peters,22.2,206,102,0,4,29,100,35.1,28.7,0.594,8.5,23.3,16.2,14.8,1.3,1.2,11.2,30.8,0.241,7.9,12.2,26.3,3.3,9,9.6,10.9,4.2,12.3,16.4,3.6,1.3,0.6,4,3.6,37.4,121,97.2
0,Nigel Williams-Goss,22.77,190,83,0,4,38,100,32.8,25.2,0.594,2.2,15.7,9.8,25.6,2.9,0.2,13.1,24.6,0.261,10.8,9.9,20.5,1.9,5.3,7.1,8.2,1,9.3,10.3,8.1,2.9,0.1,3.7,2.7,28.9,122.2,86.4
0,Jabari Bird,22.98,198,89,1,4,27,92.59,32,16.5,0.562,3.5,13.2,8.4,7.7,1.3,0.8,12.7,23.5,0.142,6.2,9.8,22.2,4.5,12.4,2.9,3.8,1.8,7.1,8.9,2,1.3,0.4,3.5,3.6,27.1,108.4,98.1
0,Jaron Blossomgame,23.77,201,97,0,4,33,100,34.3,23.1,0.561,5.9,15.5,10.6,9.7,1.4,2.9,9.7,25.9,0.152,6.2,11.5,23,1.3,4.9,6.3,8.8,3.1,7.7,10.8,2.7,1.4,1.6,2.9,2.8,30.4,115.7,107.1
3.5,Deandre Ayton,19.92,216,113,0,1,35,100,33.5,32.6,0.65,13.5,28.2,21.4,10.2,1,6.1,11.3,26.6,0.259,11,13.7,22.4,0.6,1.7,7,9.5,5.9,14.3,20.1,2.8,1,3.3,3.4,4,35,130.3,98.8
2.5,Marvin Bagley III,19.28,211,106,1,1,33,96.97,33.9,30.6,0.643,13.8,21.5,17.9,8.8,1.4,2.6,12.2,26.3,0.248,10.8,13.7,22.3,1.2,2.9,6.7,10.6,6.7,11.9,18.6,2.5,1.4,1.5,3.8,3,35.3,127.7,97.4
4.25,Jaren Jackson Jr.,18.78,211,109,1,1,35,97.14,21.8,26.9,0.647,8.8,19.7,15,9.3,1.6,14.3,17.4,23.5,0.239,11.7,9.1,17.8,2.9,7.4,8.1,10.2,4,11.6,15.6,3,1.6,8.1,4.8,8.6,29.3,120.6,86.4
4.5,Trae Young,19.76,188,81,0,1,32,100,35.4,28.3,0.585,1.3,10,5.8,48.6,2.5,0.7,18.2,37.1,0.201,11.1,12,28.5,5.4,15.1,10.9,12.6,0.6,5.1,5.8,12.9,2.5,0.4,7.7,2.6,40.4,114.7,108.1
2,Mo Bamba,20.12,211,102,0,1,30,96.67,30.2,28.3,0.593,12.2,28.2,20.2,3.6,1.5,13.1,12.3,21.3,0.212,10.9,9.6,17.8,0.9,3.4,5.3,7.8,6.3,14.5,20.8,1,1.5,7.3,3,5,25.5,118.5,89.6
3.5,Wendell Carter Jr.,19.19,208,117,0,1,37,100,26.9,28.2,0.628,12.8,23.2,18.4,13,1.7,7.6,15.8,22.8,0.239,11.4,10.2,18.2,1.1,2.6,7.1,9.6,6.2,12.9,19.1,4.2,1.7,4.3,4.3,6,28.5,125.3,92.8
3,Collin Sexton,19.47,190,86,0,1,33,96.97,29.9,23.5,0.567,4.1,9.8,7,27.8,1.6,0.3,14.2,32.9,0.177,6.9,11.3,25.3,2.5,7.6,11.3,14.5,2,5.2,7.2,6.9,1.6,0.2,5.3,4.7,36.5,113.2,105.2
1,Kevin Knox,18.87,206,97,0,1,37,100,32.4,17,0.556,3.3,14.5,9.3,8.7,1.5,1,14.1,24.6,0.133,5.1,9.4,21,2.7,8,6.1,7.8,1.6,8,9.6,2.5,1.5,0.5,4.1,3.9,27.6,109.3,102.8
4,Mikal Bridges,21.82,201,86,0,3,40,100,32.1,26.8,0.655,5.2,13.8,9.7,10.6,2.7,3.5,9.1,23.2,0.241,12.9,10.8,21.1,4.6,10.6,5.1,5.9,2.4,7,9.4,3.4,2.7,1.9,2.4,3.8,31.3,132.5,98.2
5,Shai Gilgeous-Alexander,19.95,198,81,1,1,37,64.86,33.7,21.2,0.578,3.2,10,6.8,28.8,2.8,1.7,17.9,21.9,0.167,9,8.4,17.3,1.1,2.6,6.6,8,1.5,5.5,7,8.7,2.8,0.8,4.6,2.8,24.4,116.5,101.8
3.5,Miles Bridges,20.26,201,104,0,2,34,97.06,31.4,22.6,0.572,5.2,18.2,12.5,16.9,1.2,2.5,11.6,27.1,0.208,8.7,11.5,25.1,3.9,10.7,5.1,6,2.4,10.7,13,5.1,1.2,1.4,3.7,2.9,32,118.2,95.5
1,Jerome Robinson,21.34,201,82,0,3,35,100,36,21.3,0.608,1.5,9.7,5.6,19.5,1.4,0.4,13.9,27.3,0.157,5.5,11.3,23.2,3.7,9,6.6,8,0.8,4.9,5.7,5.3,1.4,0.2,4.3,4,32.8,117,109.3
3.5,Michael Porter Jr.,19.99,208,97,1,1,3,33.33,17.7,20,0.438,9.4,32.5,21.8,4.6,3.4,2,8,36.5,0.128,8.6,11.2,33.6,3.4,11.2,7.8,10.1,4.5,17.9,22.4,1.1,3.4,1.1,3.4,6.7,33.6,95.2,89.4
2,Troy Brown Jr.,18.91,201,97,0,1,35,100,31.2,16.6,0.532,5.9,18,12,18.7,2.9,0.8,18.8,21,0.114,3.7,7.5,16.9,1.7,5.8,4.1,5.5,2.8,8.6,11.4,5.8,2.9,0.4,4.5,4.1,20.8,105.7,102.4
0,Zhaire Smith,19.06,196,88,0,1,37,56.76,28.4,23,0.618,9.6,11.1,10.4,12.6,2.3,4.8,10.8,18.3,0.212,10.8,8.6,15.4,1,2.2,5.1,7.1,4.6,5.7,10.3,3.7,2.3,2.3,2.3,3.7,23.2,128.7,95.1
3,Donte DiVincenzo,21.4,196,90,0,3,40,25,29.3,20.9,0.608,4.9,13.9,9.6,20,2,0.7,15.2,22.4,0.188,9,9.2,19,4.1,10.3,3.7,5.2,2.2,7,9.3,6.8,2,0.4,3.8,4,26.2,121.3,101.3
2.5,Lonnie Walker IV,19.53,193,87,0,1,32,56.25,27.8,16.3,0.527,1.7,9.2,5.5,13,2,1.8,9.6,22.4,0.127,5.2,8.8,21.1,3.7,10.8,3.2,4.3,0.9,4.6,5.5,4.1,2,1,2.5,3.4,24.4,109.4,102.9
3,Kevin Huerter,19.83,201,86,0,2,32,100,34.4,19.4,0.64,3.7,12.9,8.8,20.3,1.1,2.1,17.8,21.5,0.165,7.8,8.8,17.6,4,9.6,4.1,5.4,1.7,7.1,8.8,5.9,1.1,1.1,4.4,4.1,25.8,119,102.9
2.5,Josh Okogie,19.81,193,93,0,2,24,100,36.4,22.3,0.55,7.3,13.1,10.2,15.6,2.9,2.8,13.3,27.3,0.156,8.1,9.2,22,2.6,6.9,9.2,11.2,3.7,6.6,10.3,4.1,2.9,1.6,4.2,4.8,30.1,111.3,102
3,Grayson Allen,22.71,193,88,0,4,37,100,35.6,18.8,0.58,1.8,8,5.1,21.2,2.8,0.2,13.8,20.7,0.179,8.4,7.8,18.6,4.4,11.9,4.6,5.5,0.9,4.4,5.3,7.4,2.8,0.1,3.4,3.4,24.6,123.3,102.1
1.5,Chandler Hutchison,22.16,201,86,0,4,31,100,31,25.9,0.575,3.4,25.6,14.6,24.1,2.7,0.9,16.2,33.2,0.208,8.9,12.1,25.4,2.7,7.5,9.6,13.2,1.6,12.4,14,6.3,2.7,0.5,6.1,4.4,36.4,110.8,93.3
2,Aaron Holiday,21.73,185,83,1,3,33,100,37.7,21.1,0.609,1.6,8.7,5.3,29.9,1.9,0.7,18.5,26.7,0.157,5.9,9.5,20.7,4,9.2,7.2,8.6,0.8,4.7,5.4,8.6,1.9,0.4,5.6,3.9,30.2,115.4,108.1
2.5,Moritz Wagner,21.16,208,95,1,3,39,100,27.6,24.7,0.619,6.5,24.7,15.7,6.7,2.1,2,10.8,25.9,0.213,9.2,12.2,23,3.5,9,4.2,6.1,3.2,12.5,15.7,1.9,2.1,1.1,3.2,6.8,32.1,117.3,92.3
2.5,Landry Shamet,21.28,193,81,0,3,32,100,31.7,21.4,0.655,1.6,9.7,5.8,28.8,1.3,0.7,15.5,20.7,0.195,8.6,8.7,17.7,4.7,10.7,4.8,5.8,0.8,5,5.8,9.3,1.3,0.3,3.8,3.4,26.8,130.1,106.2
3,Robert Williams,20.69,206,107,0,2,30,76.67,25.6,25.5,0.614,10.2,26.8,18.9,10.8,1.8,10.4,17,19,0.184,10.6,10.2,16.1,0,0.9,2.4,5.1,5.2,15.1,20.3,3.2,1.8,5.7,3.8,4.8,22.8,113.8,90.2
0,Jacob Evans,21.02,198,95,0,3,36,100,30.8,20.5,0.543,5.2,12,8.7,20,2.6,3.7,12.7,22.5,0.213,9.9,8.8,20.6,3.3,8.8,4.7,6.2,2.7,6.6,9.3,6.2,2.6,1.9,3.4,3.9,25.6,116.5,88.3
1,Omari Spellman,20.93,206,117,0,1,40,97.5,28.1,20.6,0.588,9.9,23.1,16.8,4.3,1.3,5.5,9.8,18.3,0.184,7.5,8.1,17,3.3,7.6,2.5,3.5,4.6,11.7,16.3,1.5,1.3,3,2,4.7,22,122.8,96.7
2.5,Jevon Carter,22.78,188,83,0,4,37,100,35.5,24.9,0.549,2.4,13.1,7.5,36.2,4.9,1.2,14.4,25,0.214,12,9.5,22.5,3.4,8.7,5.9,6.8,1.3,6.3,7.6,10.9,4.9,0.6,4.3,4.9,28.2,119.3,94.9
4.5,Jalen Brunson,21.82,190,90,1,3,40,100,31.8,26.1,0.635,1.2,9.7,5.6,26.6,1.7,0.1,10.7,26.4,0.241,10.2,12.1,23.2,3.9,9.5,5.8,7.3,0.5,4.9,5.5,8.2,1.7,0,3.2,3.5,33.9,130.7,104.1
2,Devonte' Graham,23.34,188,79,0,4,39,100,37.8,21.2,0.568,2,9.6,6,31.4,2.4,0.1,15.5,23.9,0.182,8.6,7.7,19.2,4.2,10.5,6.4,7.8,0.9,5.1,6.1,10.9,2.4,0.1,4.2,2.2,26,120.2,105.1
0,Melvin Frazier,21.82,196,90,0,3,30,100,34.4,22.4,0.631,3.9,14.6,9.3,17.9,3.6,2.2,16.9,22.2,0.152,6.9,10,17.9,1.9,5.1,4.7,6.6,1.9,7.4,9.3,4.8,3.6,1.2,4.3,3.3,26.5,114.2,101.8
3,Gary Trent Jr.,19.43,198,94,1,1,37,100,33.9,16.7,0.567,2.9,10.3,6.8,6.8,1.9,0.4,7.4,19.5,0.163,7,8,19.3,4.4,10.9,3.9,4.4,1.4,5.7,7.1,2.4,1.9,0.2,1.7,2.8,24.3,124.4,102.7
0,Khyri Thomas,22.13,190,90,0,3,33,100,31.7,21.8,0.65,4,11,7.7,15.1,2.9,0.8,13.4,21,0.183,8.6,9.7,17.9,3.3,7.9,3.5,4.5,1.8,5.7,7.6,4.8,2.9,0.4,3.1,3.3,26.1,122.4,100.9
3,Jarred Vanderbilt,19.23,206,97,0,1,14,0,17,21.6,0.476,23.1,27.9,25.7,10.7,1.4,5.3,14.8,20.8,0.172,6.4,7,16.4,0,0.2,5.8,9.1,11.1,15.4,26.5,3.4,1.4,2.6,3.6,8.9,19.7,111,93.7
3,Bruce Brown,21.86,196,86,0,2,19,100,33.7,16.9,0.488,4.6,20,12.4,21.3,2.3,2.5,16.3,21.2,0.121,5.1,7.2,17.3,1.5,5.5,4.1,6.4,2.3,10.1,12.4,7,2.3,1.4,4,4,19.9,102.7,97.5
1.5,Justin Jackson,21.35,201,102,0,2,11,90.91,29.2,14.2,0.47,11.2,21.1,16.6,12.7,1.7,3,21.8,24.1,0.083,1.9,6.9,18.9,1.9,7.5,4.5,5.4,5.1,11.6,16.7,3.9,1.7,1.7,6,2.8,20.2,93.1,97.3
2.5,Hamidou Diallo,19.9,196,86,0,1,37,100,24.8,13.8,0.498,4.2,11.5,8.1,9.5,1.7,1.6,12,22.6,0.103,2.9,8.4,19.5,1.6,4.8,4.8,7.8,2.1,6.4,8.4,2.9,1.7,0.8,3.2,6,23.2,103.8,103.1
3,De'Anthony Melton,20.08,193,86,0,1,36,69.44,27,19.2,0.53,5.9,13.6,9.9,22.5,4,3.9,18.5,17.7,0.133,7.2,5.9,13.6,1.2,4.3,4.5,6.4,2.9,7,10,7.3,4,2.2,3.8,4.8,17.6,110.8,100.6
2,Svi Mykhailiuk,21.04,203,88,0,4,39,100,34.5,16.9,0.572,4,8.6,6.4,13.4,1.9,0.9,11.5,21,0.137,6.6,8.7,19.9,4.9,10.9,1.9,2.4,1.9,4.6,6.5,4.5,1.9,0.5,2.7,4.1,24.1,115.9,106
2,Keita Bates-Diop,22.42,201,86,0,4,34,100,33.1,27.5,0.577,5.7,24.5,15.6,10.5,1.6,5.9,9.6,29.4,0.216,11.1,12.9,26.9,3.5,9.6,5.9,7.4,2.7,12.8,15.5,2.9,1.6,2.9,3.2,3,35.1,116.8,94.6
2,Chimezie Metu,21.26,211,97,0,3,34,97.06,31,23.5,0.574,7.2,21.1,14.2,10,1.5,6.3,12.8,25.8,0.167,5.6,11.3,21.7,0.7,2.2,6.1,8.4,3.5,10.5,14,2.9,1.5,3.3,3.8,4.8,29.5,113,99.8
0,Tony Carr,20.7,196,92,0,2,37,100,35.4,22.2,0.527,3,13.4,8.2,29.3,1.4,0.9,11,29.9,0.182,8.2,11,27,4,9.1,6.6,8.3,1.5,6.8,8.2,8.4,1.4,0.5,3.8,3.1,32.6,114.2,102.3
0,Vince Edwards,22.22,201,99,1,4,35,100,31.6,21.8,0.587,8.4,18.6,13.9,17.1,1,2,14,23.8,0.197,8.1,9.6,20.1,2.7,6.8,5.3,6.4,3.8,10,13.7,5.4,1,1.1,3.8,3.3,27.1,118.8,97.9
1,Devon Hall,22.97,196,95,0,4,34,100,32.1,20.3,0.599,1.4,14.9,8.3,19.6,1.8,0.6,9.6,19.5,0.215,10.1,8,17.6,3.5,8,4.6,5.1,0.7,7.9,8.7,6.5,1.8,0.3,2.1,2.9,24,124.8,92.4
2.5,Shake Milton,21.74,196,88,0,3,22,100,36.4,24.2,0.606,2.1,13.5,7.7,25.9,2.4,2.3,13.3,25,0.208,8.7,9.5,21.3,4.3,10,7.3,8.6,1.1,6.9,8,7.4,2.4,1.1,3.9,2.9,30.7,122.8,100.4
0,Ray Spalding,21.29,208,95,0,3,36,94.44,27.6,25.6,0.568,13.2,20.9,17.3,9.6,3.1,6.3,13.5,22.9,0.193,8.2,10.5,19.4,0.3,1.1,4.2,6.6,6.5,11.5,18,2.6,3.1,3.6,3.5,6.2,25.6,114.4,92.8
0,Kevin Hervey,21.96,201,95,0,4,33,75.76,32.2,23.7,0.553,8,19.9,14.2,15.2,2.1,2.2,12.8,31,0.174,5.5,12.3,27.7,3.9,11.5,5.7,7.1,3.9,10.4,14.3,3.7,2.1,1,4.6,3,34.3,109.3,97.5
0,Thomas Welsh,22.39,213,111,0,4,33,100,33.2,20.3,0.577,9.1,25.8,17.8,7.8,1.1,2.8,8.6,17.7,0.162,5.8,8.3,17.1,2.3,5.7,2.5,3,4.4,13.8,18.3,2.3,1.1,1.5,1.7,4,21.3,122.6,101.6
0,George King,24.44,198,99,0,5,32,96.88,28.5,18.8,0.574,7.2,23.3,15.5,8.2,1.1,2.6,15.1,23.3,0.132,4.7,8.9,20.1,3.9,9.9,4.3,5.5,3.5,12.3,15.8,2.2,1.1,1.3,4,4.9,26.1,109.3,102.3
0,Kostas Antetokounmpo,20.59,208,86,1,1,29,20.69,15.1,13.7,0.575,7.3,16.9,12.3,5.9,1,8.3,22.9,20.9,0.062,-2.1,7.9,13.8,0.3,2,4.5,8.7,3.3,8,11.3,1.8,1,4.2,5.3,9,20.6,95.9,105.6
4,Zion Williamson,18.97,201,129,0,1,33,100,30,40.8,0.702,12.7,18,15.5,14.9,3.9,5.8,12.8,28.6,0.335,20.1,16.3,24,1.3,3.9,7.2,11.2,6.4,9.8,16.2,3.8,3.9,3.3,4.3,3.8,41.2,133.1,87.4
4.25,Ja Morant,19.87,190,79,0,2,33,100,36.6,31.6,0.612,3.9,12.7,8.6,51.8,2.7,2.3,20.5,33.3,0.273,10,12.2,24.5,2.6,7.2,10.2,12.5,1.8,6.8,8.7,15.3,2.7,1.2,7.8,2.2,37.3,119.3,95.8
3.25,RJ Barrett,19.03,201,91,0,1,38,100,35.3,23.3,0.532,4.8,17.2,11.2,23.5,1.4,1.2,13.2,32.2,0.194,8.6,13,28.6,3,9.7,6.1,9.1,2.4,9.3,11.7,6.7,1.4,0.7,5,2.9,35,110.1,95.9
3,De'Andre Hunter,21.56,201,102,0,2,38,100,32.5,24.3,0.618,5.6,13.4,9.8,13,1.2,2.4,10,24.1,0.237,10.8,10.9,21,2.5,5.6,6.6,8.4,2.8,7.5,10.3,4,1.2,1.2,2.8,4.1,30.9,125.8,94.9
4,Darius Garland,19.41,188,79,1,1,5,100,27.8,23.6,0.657,1.6,13.7,7.7,25.7,1.7,1.5,19.6,27.9,0.148,4.9,12.1,22.6,4.6,9.6,5,6.7,0.8,7.1,7.9,5.4,1.7,0.8,6.3,2.9,33.8,112,106.3
0.5,Jarrett Culver,20.34,196,88,0,2,38,100,32.5,25.1,0.542,5.6,17.3,11.8,26.1,2.7,2.2,13.7,32.2,0.222,11.6,12.2,26.4,2.3,7.7,7,10,2.6,9.1,11.6,6.8,2.7,1,4.9,3.5,33.7,108.7,86.7
3,Coby White,19.35,196,83,0,1,35,100,28.5,19.2,0.556,1.3,11.3,6.4,24.4,2,1.3,15.5,26.8,0.165,8,9.9,23.4,4.3,12.2,5.5,6.9,0.6,5.9,6.5,7.5,2,0.6,4.9,3.6,29.6,110.6,98.9
2,Jaxson Hayes,19.09,211,99,0,1,32,65.62,23.3,27,0.739,8.7,16.3,12.5,2.6,1.5,10.6,11.8,17.2,0.23,10.1,9.9,13.6,0,0,6,8.1,4.5,8.4,12.9,0.7,1.5,5.7,2.3,8.6,25.8,138.7,95.6
2.5,Rui Hachimura,21.37,203,104,0,3,37,100,30.2,28.6,0.639,5.9,16.9,12.1,9.1,1.7,2.4,10.7,28.1,0.264,9.4,13.7,23.2,0.7,1.8,8.2,11.1,2.6,9.4,12,2.8,1.7,1.3,3.4,3.7,36.4,124.9,91.6
2,Cam Reddish,19.81,203,98,0,1,36,97.22,29.7,13.6,0.499,2,10.7,6.5,10.7,2.9,1.9,16.5,25.3,0.113,4.5,7.9,22.1,4.5,13.6,4.5,5.8,1,5.8,6.8,3.6,2.9,1.1,4.9,4.4,24.8,97.9,95.1
3.25,Cameron Johnson,23.31,206,95,0,5,36,100,29.9,24.9,0.648,6.5,13.3,10,13.8,2.1,1.1,10.3,21.8,0.229,12.9,10.3,20.4,4.7,10.3,4.4,5.4,3.2,7,10.2,4.2,2.1,0.5,2.6,2.6,29.8,131.2,98.2
3,P.J. Washington,20.84,203,103,0,2,35,94.29,29.3,26,0.592,10,19.9,15.3,13.1,1.7,4.8,13.3,25.8,0.223,10.9,11,21.1,1.9,4.5,6.8,10.3,4.7,10.6,15.3,3.7,1.7,2.5,4,5,30.8,119.5,93.9
3.25,Tyler Herro,19.43,196,88,0,1,37,100,32.6,19.4,0.58,1.6,13.9,8.2,15,2,1.1,11.8,21.4,0.181,8.9,9.2,19.8,3,8.3,4.3,4.6,0.7,7.4,8.2,4.5,2,0.6,3,2.3,25.6,119.7,98.1
1.5,Romeo Langford,19.67,198,97,0,1,32,100,34.1,19.9,0.542,4.8,12.8,8.9,14.2,1.3,2.7,12.2,26.1,0.148,6.5,9.5,21.2,1.8,6.7,7.5,10.4,2.4,6.8,9.2,4,1.3,1.4,3.7,3.2,28.4,109.2,100.9
2,Chuma Okeke,20.85,203,104,0,2,38,100,29.1,24.5,0.597,10.7,16.8,13.7,12.5,3.6,5.5,14.7,20,0.2,11.1,8.8,17.7,2.9,7.4,3.4,4.7,5.5,8.1,13.6,3.8,3.6,2.4,3.5,3.7,23.9,121.2,95.2
2.5,Nickeil Alexander-Walker,20.81,196,92,1,2,34,100,34.3,21.9,0.586,1.8,13,7.6,24.6,3.4,2.3,17.1,26.5,0.189,8.9,10.1,21.3,3.1,8.2,6,7.7,0.9,6.5,7.4,7.2,3.4,1,5.2,4.1,29.3,111.9,94.6
2.5,Matisse Thybulle,22.31,196,88,0,4,36,100,31.1,19.9,0.542,3,9,6,13.5,6.7,8.4,17.9,17.2,0.154,11.6,5.9,14.3,2.4,8,3,3.6,1.4,4.5,5.9,4.1,6.7,4.4,3.5,5.3,17.4,104.7,88
2.5,Brandon Clarke,22.76,203,97,0,4,37,97.3,28.1,37.2,0.699,13.9,19.6,17.1,12.3,2.3,11.3,11.3,23.9,0.337,16.3,13.8,20.1,0.2,0.8,5.8,8.4,6.1,10.9,17,3.8,2.3,6.3,3.1,4.2,33.6,137.9,84
3,Grant Williams,20.57,201,107,0,3,37,100,31.9,30.6,0.646,8.5,17.4,13.3,18.5,2,5.4,13.4,26.4,0.267,12.7,11.4,20.2,0.7,2.2,10.4,12.7,4,9.6,13.6,5.7,2,2.7,4,5.4,33.9,128.7,96.3
2,Ty Jerome,21.96,196,88,0,3,37,100,33.9,22.9,0.555,1.8,13.1,7.8,32.6,3,0.1,11.9,23.4,0.228,11.5,9.3,21.4,4.1,10.4,3.5,4.8,0.9,7.3,8.2,10.6,3,0.1,3.2,3.4,26.3,120.4,92.2
2,Nassir Little,19.37,198,99,0,1,36,0,18.2,20,0.549,9.2,16.8,13,6.4,1.5,3.3,13,25.2,0.163,5.1,10.5,22,1.1,4.2,6.2,8,4.6,8.8,13.3,1.9,1.5,1.5,3.9,4.7,28.4,110.1,96.8
1,Dylan Windler,22.75,203,90,0,4,33,100,33.2,30.4,0.681,6.8,27.3,17.7,13.6,2.3,1.7,11.8,25.7,0.262,10.3,11.9,22.1,4.9,11.4,5.7,6.7,3.1,14.4,17.5,4.1,2.3,0.9,3.4,3.4,34.5,129.1,94.7
0.5,Mfiondu Kabengele,21.86,208,113,1,2,37,0,21.6,28.9,0.593,11.5,20.1,15.8,3.2,1.5,8.3,10.4,28.5,0.242,9.6,11.8,23.6,1.7,4.7,9.9,13,5.7,10.2,15.9,0.8,1.5,4,3.5,6.9,35.3,120.5,92.9
3.25,Jordan Poole,20.02,196,88,0,2,37,100,33.1,16,0.573,0.8,9.3,5.2,13,2,0.7,12.2,20.9,0.16,7.2,8.1,18.5,3.8,10.2,3.8,4.5,0.4,5.1,5.5,4,2,0.4,2.9,3.7,23.6,109.5,93.2
3,Keldon Johnson,19.7,198,95,0,1,37,97.3,30.7,18.5,0.558,5.5,16.5,11.3,10.4,1.5,0.6,11.8,22.7,0.171,6.7,9,19.5,2.4,6.2,5.7,8.1,2.6,8.8,11.3,3.1,1.5,0.3,3.1,4.3,26,115.7,98.3
2.5,Kevin Porter Jr.,19.14,198,98,0,1,21,19.05,22.1,16.2,0.559,4.8,15,10,12,2.1,2.6,17.9,23.3,0.1,3.3,9,19.1,3.4,8.3,2.9,5.6,2.4,7.8,10.2,3.6,2.1,1.3,4.7,5.3,24.3,100.2,101
3.25,Nic Claxton,20.19,211,99,1,2,32,100,31.6,21.2,0.533,8.4,20.6,14.9,12.2,1.9,8,14.7,22.1,0.137,5.5,7.7,16.7,1,3.6,6.9,10.8,4,11.3,15.4,3.3,1.9,4.5,3.8,5.1,23.3,108.1,99.5
0.5,KZ Okpala,20.16,206,97,0,2,29,100,32.7,18.1,0.543,4.1,14.9,9.7,13,1.7,1.4,15.6,27.3,0.123,3.2,10,21.5,1.9,5.1,6.8,10.2,2,7.7,9.7,3.4,1.7,0.9,4.9,4.3,28.6,103.6,101.2
1,Carsen Edwards,21.29,185,90,0,3,36,100,35.4,23.2,0.541,1.3,10.6,6,18.3,2.3,1,12.3,37.3,0.176,8.5,13.1,33.4,6.4,18,8.8,10.5,0.7,5.5,6.2,4.9,2.3,0.5,5.4,3.5,41.5,109.9,103.4
2,Bruno Fernando,20.86,208,108,0,2,34,97.06,30,27.2,0.653,12,27.4,20.2,14.4,1.3,7,21.2,22.6,0.214,10,10.2,16.8,0.2,0.6,6.6,8.5,5.9,15.4,21.3,4,1.3,3.8,5.6,5.4,27.2,117.9,92.1
2.5,Cody Martin,23.74,201,92,1,5,34,100,34.4,19.1,0.594,3.1,11.1,7.2,25.9,2.2,2.2,15.6,17.3,0.185,7,7.3,14.4,1.6,4.6,3.6,4.7,1.5,5.8,7.3,8.1,2.2,1.1,3.1,4.2,19.8,121.1,96.1
3,Daniel Gafford,20.73,211,105,0,2,32,100,28.7,28.7,0.652,11.1,22.5,16.8,6,1.8,8.7,15.5,26,0.199,8.3,13,19.7,0,0,6.9,11.7,5.5,11.3,16.8,1.4,1.8,3.9,4.6,5.3,32.9,116.3,95.7
1,Justin James,22.41,201,86,0,4,32,100,38.2,21.5,0.515,3.2,22.4,13.1,33,2.2,1.7,16.3,35.6,0.096,2.7,10.6,26,2.3,7.9,9.3,12.6,1.5,11.2,12.7,6.6,2.2,0.8,6.2,3.2,32.9,97.9,104
2,Eric Paschall,22.64,203,115,0,5,36,100,36.1,19,0.57,4.2,16.1,10.1,12.9,1.2,1.6,13.6,24.7,0.143,4.8,9.2,20.6,3.3,9.5,6.4,8.6,2.2,8.3,10.4,3.6,1.2,0.8,3.9,3.6,28.1,112.4,104.6
1.5,Admiral Schofield,22.24,198,109,0,4,37,100,31.8,20.1,0.562,4.5,16.4,10.9,12,1.6,1.7,11.4,26.2,0.156,6.3,11.7,24.6,3.6,8.7,2.9,4.2,2.1,9,11.1,3.7,1.6,0.8,3.4,4.6,29.9,110.6,99.6
2,Jaylen Nowell,19.96,193,90,0,2,36,100,34.4,20.3,0.592,3.5,14.9,9.3,20.8,2.2,0.8,17.7,25.3,0.162,4.9,10.4,20.8,2.4,5.6,4.5,5.8,1.7,7.4,9.1,5.4,2.2,0.4,5.1,3.9,27.9,110.3,98.5
1.5,Bol Bol,19.61,218,106,1,1,9,100,29.8,37.5,0.632,8.7,29,19.2,9.6,1.6,12.4,10.7,33.4,0.271,13,16.9,30.1,3,5.7,6.4,8.4,4.3,15.3,19.6,2.1,1.6,5.5,4.1,3.4,43.1,118.2,86.7
2.5,Isaiah Roby,21.39,203,104,0,3,35,100,31.2,19.7,0.532,6.6,17.7,12.1,12.5,2.4,6.4,15.2,21.6,0.14,6.7,8.1,17.7,1.5,4.6,4.9,7.2,3.6,9.6,13.2,3.7,2.4,3.6,3.8,6.1,22.5,105.6,96
1,Talen Horton-Tucker,18.58,193,105,0,1,35,97.14,27.2,17.2,0.488,2.9,16.7,10.2,16.2,2.8,2.7,12.4,26.2,0.114,4.2,9.5,23.5,3,9.8,3.4,5.4,1.4,9.1,10.5,5.1,2.8,1.4,3.7,4.9,25.5,100,98.2
3,Ignas Brazdeikis,20.46,201,97,0,1,37,100,29.6,21.4,0.573,4.6,16.1,10.5,6.1,1.5,1.7,8.8,26.1,0.201,8.9,10.5,22.7,3.1,8,6.5,8.4,2.4,8.8,11.2,1.7,1.5,1,2.6,4.4,30.6,113.1,91
0.5,Terance Mann,22.68,201,97,0,4,37,97.3,31.7,18.9,0.603,9.1,14.3,11.7,15.6,1.2,1.2,15.7,17.5,0.174,7.7,7.2,14.3,1.5,3.8,4.8,6.1,4.5,7.3,11.8,4.6,1.2,0.6,3.2,4.1,20.7,122.5,99.7
1,Quinndary Weatherspoon,22.79,193,92,0,4,34,100,34,24,0.622,4.7,11.6,8.2,16.6,2.9,1,16.4,26.1,0.185,8.1,10.7,21.1,2.8,7,7.5,9.2,2.3,5.7,8,4.8,2.9,0.5,5,3.6,31.7,119.3,104.3
1.5,Jarrell Brantley,23.05,201,115,0,4,33,100,34,28.2,0.598,6.6,24.2,15.6,15.9,2.5,3.3,13.7,30,0.207,5.1,12.8,24.7,2,6.2,6.9,8.8,3.1,11.8,14.9,4.3,2.5,1.6,4.6,4.8,34.4,115.7,98.8
2.5,Tremont Waters,21.45,180,79,0,2,33,87.88,32.4,21.8,0.547,1.1,8.6,4.8,34,5.1,0.4,19.8,25.7,0.156,8.9,9.1,21.2,3,9,5.5,6.8,0.5,4.3,4.9,10.2,5.1,0.2,6,3.4,26.7,109,99.7
0.5,Jalen McDaniels,21.4,208,88,1,2,34,100,31,20.7,0.525,7.3,22.6,15.1,16.2,2.1,1.8,13.7,28.7,0.151,3.3,11.7,25.1,1.3,4.1,5.1,7,3.7,11.8,15.5,4,2.1,0.9,4.5,5.5,29.8,103.9,95.1
0.5,Justin Wright-Foreman,21.66,188,86,0,4,35,100,37.7,28.9,0.637,1.2,11.5,6.6,17.4,1.3,0.6,10.9,33,0.223,6,14.6,28.6,4.9,11.5,7.9,9.1,0.5,5.7,6.3,4.5,1.3,0.3,4,3,42,123.8,108.7
1,Marial Shayok,23.92,198,89,0,5,34,100,32.9,22.5,0.612,5.1,11.6,8.6,12.2,1.7,0.8,14.9,28.2,0.166,6.4,12,24.2,3.7,9.7,5.7,6.5,2.5,6.3,8.8,3.5,1.7,0.4,4.8,3.7,33.4,114,104.1
1,Kyle Guy,21.87,188,79,0,3,38,100,35.4,20.4,0.609,2.7,12.6,7.9,11.9,1.3,0.2,9.9,22.7,0.201,10.2,9.7,21.6,5.9,13.8,3.4,4.1,1.3,7,8.4,3.8,1.3,0.1,2.6,1.9,28.7,121.6,96.4
0.5,Jaylen Hands,20.36,190,81,0,2,33,100,31.2,18.5,0.537,1.3,10.5,6.1,36.5,2.3,0.5,19.5,24.6,0.117,4.6,8.3,20.2,3.5,9.3,4.5,5.8,0.6,5.8,6.4,10.6,2.3,0.3,5.5,2.1,24.6,107.1,106.7
0.5,Jordan Bone,21.63,190,81,0,3,37,100,32.9,18.9,0.562,1.9,8.5,5.5,30.3,1.2,0.4,14.3,21.3,0.158,6,8.8,18.9,2.4,6.7,3.6,4.3,0.9,4.7,5.6,10.2,1.2,0.2,3.5,2.3,23.5,118.1,105.2
1,Miye Oni,21.89,198,95,0,3,29,96.55,31,22,0.561,2.6,18.6,11.3,20.9,1.6,4.3,14.5,28.4,0.165,4.2,10.2,23.2,3.4,9.2,6.5,8.3,1.2,10,11.1,6.3,1.6,2.3,4.6,4.8,30.4,109,98.4
0,Dewan Hernandez,22.54,211,106,0,2,32,100,25.8,22.1,0.6,9.3,20.8,15.1,3.4,1.1,4.1,12.6,21.7,0.169,4.5,10.5,18.2,0,0.2,5.1,7.4,4.6,10.6,15.2,1,1.1,2.2,3.1,4.3,26.1,116.5,98.9
4.5,Anthony Edwards,18.89,196,102,0,1,32,100,33,20.8,0.52,2.5,14.8,8.7,17.9,2.3,1.7,12.9,30.4,0.136,5.5,10.7,26.5,3.8,12.9,6.9,9,1.3,7.5,8.8,4.8,2.3,0.9,4.6,3.7,32.1,105.8,103.6
1.5,James Wiseman,19.24,216,108,0,1,3,100,23,52.7,0.76,21.8,26.5,24.4,4.4,0.8,13.6,7.2,29.1,0.434,18,15.9,20.6,0,0.8,15.1,21.4,10.3,15.1,25.4,0.8,0.8,7.1,2.4,4,46.8,149.8,80.8
2.5,Patrick Williams,18.83,203,102,0,1,29,0,22.5,19.4,0.553,6.9,14,10.5,8.4,2.5,5.6,17.1,22.2,0.154,5.5,8.4,18.2,1.4,4.4,5.5,6.5,3.3,6.9,10.2,2.5,2.5,2.6,4.4,4.1,23.6,106.9,94.1
2,Isaac Okoro,19.41,198,102,0,1,28,100,31.5,19.1,0.587,6.4,8.8,7.6,13.1,1.7,3.1,15.2,19.6,0.156,6.3,8.1,15.7,1.3,4.5,5.8,8.6,3.4,4.6,8,3.7,1.7,1.6,3.5,4.9,23.2,116.5,101.3
3,Onyeka Okongwu,19.54,206,111,0,1,28,100,30.6,31.1,0.645,12.4,18.4,15.5,8.4,2.3,9.8,13.7,23.6,0.251,11.6,11.7,18.9,0.1,0.3,6.9,9.5,6.1,10,16.1,2,2.3,5.1,3.7,5,30.2,122.8,88.5
2.5,Obi Toppin,22.31,206,99,1,2,31,100,31.6,32.5,0.684,5.2,22,14.5,14.5,1.8,4.1,13,28.1,0.279,12.3,14.7,23.2,1.9,4.9,5.9,8.5,2.2,11.8,14,4,1.8,2.3,4.1,3.1,37.3,125.3,90.3
2.5,Jalen Smith,20.28,208,102,0,2,31,100,31.3,29.3,0.626,11.5,25.6,18.6,6,1.3,8.2,12.2,22.8,0.249,12,10.2,19,1.9,5.3,6.8,9,6,13.8,19.8,1.5,1.3,4.4,3.2,4.4,29.2,123.9,88.9
3,Devin Vassell,19.84,198,81,0,2,30,100,28.8,23.8,0.585,5.3,15.4,10.4,11.2,2.8,4.1,6.6,20,0.218,10.9,9.6,19.6,2.9,7.1,3.2,4.3,2.5,7.6,10.1,3.3,2.8,1.9,1.5,3.9,25.3,126.9,93.6
4.5,Tyrese Haliburton,20.32,196,79,1,2,22,100,36.7,25.9,0.631,4.6,13.7,9.2,35.3,3.8,2,18.7,20.1,0.187,11.7,8.7,17.2,3.7,8.7,2.6,3.2,2.3,6.8,9.1,10,3.8,1.1,4.3,2,23.6,121.5,101.1
1,Kira Lewis Jr.,19.22,190,74,0,2,31,100,37.6,19.8,0.56,2.3,10.6,6.5,27.7,2.5,1.5,17.7,24.3,0.142,5.5,9.3,20.2,2.5,6.9,4.7,5.9,1.2,5.5,6.7,7.3,2.5,0.8,5,3.6,25.8,109.8,103.5
3,Aaron Nesmith,20.69,198,96,0,2,14,100,35.7,29,0.685,2.5,13.9,8,6.9,2.3,2.6,9.3,26.3,0.207,9.7,12,23.4,6.9,13.1,5.9,7.2,1.3,6.5,7.8,1.5,2.3,1.4,2.7,4.5,36.8,127.8,106.8
3,Cole Anthony,20.11,190,86,1,1,22,90.91,34.9,17.5,0.501,1.4,16.4,8.7,24.1,2.1,0.9,15.9,30,0.108,5.1,9.7,25.5,3.6,10.4,7.1,9.5,0.7,8.5,9.3,6.5,2.1,0.4,5.7,4.7,30.1,99.9,102.4
2.5,Isaiah Stewart,19.09,206,113,0,1,32,100,32.2,26.9,0.629,10.7,19.5,15.5,6.3,0.9,7,14.1,24.5,0.222,7.4,10.6,18.6,0.3,1.1,8.5,11,4.9,10.7,15.5,1.5,0.9,3.6,3.9,4.6,30,119.7,93.6
2,Josh Green,19.61,198,95,0,1,30,100,30.9,17.9,0.528,4.8,11.9,8.4,16,2.8,1.6,12.6,20.7,0.166,6.9,7.5,17.7,1.8,5.1,5.2,6.7,2.4,6,8.4,4.8,2.8,0.8,3,4.5,22.1,110.4,93.3
2.5,Saddiq Bey,21.21,203,97,0,2,31,100,33.9,21.6,0.608,4.5,11.4,8,14.9,1.4,1.1,10.1,22.8,0.188,8.1,9.8,20.6,4.4,9.8,3.9,5.1,2.3,6,8.3,4.2,1.4,0.7,2.6,4.3,28.1,121,101
2.5,Precious Achiuwa,20.77,206,102,0,1,31,100,30.4,23.3,0.534,11.4,24.6,18.6,7.5,2,6.4,16,27.7,0.187,5.8,10.6,21.4,0.8,2.3,6.5,10.9,5.4,14,19.4,1.7,2,3.4,5,4.2,28.4,101.3,82.5
4.25,Tyrese Maxey,19.64,190,89,0,1,31,90.32,34.5,16.3,0.531,1.4,12.1,7.3,18.7,1.5,1.3,14.1,22.7,0.134,4.4,8.2,19.2,1.8,6.2,5.5,6.6,0.7,6.6,7.3,5.4,1.5,0.7,3.7,4,23.7,107.1,99.6
2,Zeke Nnaji,19.46,211,108,0,1,32,100,30.7,25.7,0.63,11.5,20.3,15.9,5.8,1.3,3.3,14.6,24.1,0.229,8,10.4,18.2,0.3,1,8.8,11.6,5.7,10.3,16,1.6,1.3,1.6,4.1,4.4,29.9,120.5,92.5
3,Immanuel Quickley,21.02,190,85,0,2,30,66.67,33,20.4,0.595,2.1,11.9,7.4,11.4,1.6,0.5,10.6,23.4,0.192,7.3,8.2,19.6,3.7,8.6,8.5,9.2,0.9,6.5,7.4,3.3,1.6,0.2,2.8,4.1,28.5,121.3,99.8
3,Payton Pritchard,22.41,188,86,0,4,31,100,36.6,27.1,0.601,2.3,11.5,7.1,31.5,2.5,0.1,13.9,28.2,0.235,11.1,11.5,24.6,4.7,11.3,6.1,7.5,1.1,6,7.1,9.2,2.5,0.1,4.5,3.3,33.9,122.9,101.5
1,Udoka Azubuike,20.77,213,122,0,4,31,96.77,27.7,31.3,0.685,15.3,26.9,21.5,7.1,1,10.9,19.6,22.9,0.254,12.4,12.4,16.6,0,0,4.4,9.9,7.3,14.9,22.2,2,1,5.5,5.2,5.1,29.2,118.2,82.9
3.5,Jaden McDaniels,19.74,206,90,1,1,31,67.74,31.1,14.6,0.515,4.4,15.8,10.6,14.6,1.4,4.9,20.4,25.6,0.096,2.6,8,19.9,2.5,7.5,5.1,6.7,2,8.6,10.6,3.8,1.4,2.5,5.9,6.1,23.8,93.8,95.4
1.5,Malachi Flynn,22.13,185,83,0,4,32,100,33.4,27.7,0.583,2.3,13.3,8,30.7,3.2,0.4,10.5,26.8,0.278,11.7,10.4,23.6,4.3,11.5,6.8,7.9,1.1,7,8.1,9.2,3.2,0.2,3.2,3.2,31.9,124.5,90.3
4,Desmond Bane,22,198,97,0,4,32,100,36,22.6,0.573,4.6,16.3,10.4,26,2.5,1.6,13.8,24.4,0.183,9.8,10.4,23.1,4.9,11,2.4,3,2.4,8.3,10.7,6.6,2.5,0.9,3.9,3.7,28.1,114.5,97.6
0,Tyrell Terry,19.74,185,72,0,1,31,100,32.6,19.3,0.589,1.4,14.4,8.3,20.3,2.5,0.2,17.5,24.5,0.179,6.1,8.5,19.2,3.6,8.8,5.6,6.3,0.6,7.4,8,5.7,2.5,0.1,4.7,3.7,26.2,108,91.3
0.5,Vernon Carey Jr.,19.33,208,122,0,1,31,96.77,24.9,34.1,0.615,12,26.1,19.2,8.2,1.6,5.8,12.3,31,0.288,11.3,14.1,24.5,0.6,1.5,10.4,15.5,5.9,13.4,19.3,2.1,1.6,3.5,4.5,6,39.2,121.2,88
1,Daniel Oturu,20.76,208,108,0,2,31,100,33.9,30.7,0.612,12,23.3,17.8,7.9,1,7.1,14.7,28.8,0.226,11.1,13.5,23.9,1.1,2.9,7.2,10.2,6.6,13.2,19.8,1.9,1,4.3,5,4.7,35.3,115.1,92.9
2.5,Xavier Tillman Sr.,21.45,203,111,0,3,31,100,32.1,26.5,0.593,9.9,23.9,17.5,18.1,2.1,6.9,14.5,21,0.234,12.6,9.6,17.4,0.8,2.9,4.8,7.1,4.8,13.7,18.5,5.4,2.1,3.8,3.5,4.7,24.6,119.5,86.5
1,Tyler Bey,22.37,201,98,0,3,31,96.77,29,26.7,0.611,8.4,27.9,18.4,11.5,3.1,4.2,17.6,24.4,0.228,10.1,9.1,17.3,0.8,2,8.9,12,4.1,14.2,18.3,3,3.1,2.4,4.9,3.9,28,114,85.7
1.5,Saben Lee,21.01,188,83,1,3,32,53.12,32.9,24.3,0.58,1.9,11,6.3,31.9,2.7,0.9,16.2,29.4,0.152,5.3,10.9,22.5,2.1,6.6,8.4,11.2,1,5.2,6.1,7.3,2.7,0.5,5.4,3.1,32.3,111.3,107.9
1,Elijah Hughes,22.29,198,97,0,4,32,100,36.7,22.1,0.561,1.4,13.2,7.4,20.1,1.8,2.9,11.9,26.6,0.164,7.3,9.9,23.1,3.9,11.4,6.7,8.3,0.7,7.2,7.9,5.4,1.8,1.3,3.6,2.9,30.4,113.1,103
0.5,Robert Woodard II,20.76,201,104,0,2,31,100,33.1,18.1,0.564,8.2,14.8,11.7,7.6,2,3.4,15.7,18.2,0.128,6,7.9,15.9,1.7,4.1,2.9,4.5,3.9,7.8,11.8,2.3,2,1.9,3.4,3.4,20.4,111.4,101.4
2.5,Tre Jones,20.46,190,83,1,2,29,100,35.4,21.2,0.524,2.1,10.8,6.5,31.4,2.8,0.9,14.8,24,0.192,8.2,8.6,20.4,2.1,5.8,5.8,7.5,1,5.6,6.6,9.9,2.8,0.5,4.2,2.7,25.1,113.2,94.6
2,Nick Richards,22.57,211,112,0,3,31,96.77,29.6,25.8,0.674,11.3,18.6,15.3,1.7,0.2,8,13.2,20.7,0.222,7,10.4,16.1,0,0,6.9,9.2,5.1,10.2,15.3,0.4,0.2,4.2,3.1,6.2,27.7,127.8,95.8
0.5,Jahmi'us Ramsey,19.04,193,88,0,1,27,100,31.2,19.1,0.546,3,12.4,7.8,16.1,2.5,2.5,12.7,26.2,0.156,6.7,10.3,23.3,4.2,9.8,3.5,5.4,1.4,6.1,7.5,4.2,2.5,1.3,3.8,4.1,28.3,104.6,93.2
2,Jordan Nwora,21.79,201,102,0,3,31,96.77,33.1,22.6,0.568,6,19.8,13.3,8.4,1.3,0.9,11.7,27.8,0.201,8.2,11,25,4.4,11,6,7.4,3,10.9,13.9,2.3,1.3,0.5,3.8,4,32.4,113.5,94.2
1,CJ Elleby,20.02,198,90,0,2,32,100,33.4,22.5,0.519,3.8,23.1,12.9,13.5,2.9,2.5,10.8,29.2,0.169,7.6,10.4,26.2,3.9,11.5,6.4,7.7,2.1,11.2,13.2,3.2,2.9,1.4,3.6,5,31,104.7,92.8
1,Nico Mannion,19.28,190,86,1,1,32,100,32.3,17.2,0.52,0.9,7.9,4.4,31.5,2.1,0,16,24.5,0.152,5.4,7.9,20.2,2.9,8.9,5.8,7.3,0.4,4,4.4,9.3,2.1,0,4.5,3,24.7,107.1,97.6
2.5,Isaiah Joe,20.98,196,81,0,2,26,96.15,36.1,17.5,0.544,1.7,11.5,6.6,10,2.2,0.8,10,24.2,0.136,5.3,7.9,21.5,5.6,16.4,4.8,5.4,0.8,5.5,6.4,2.7,2.2,0.4,2.7,2.9,26.2,106.4,99.2
1.5,Skylar Mays,22.8,193,92,0,4,31,100,34.4,23.7,0.622,1.6,13.8,8.1,17,2.9,0.7,14.4,22,0.19,8.3,9,18.2,2.6,6.7,6.8,8,0.8,7.5,8.3,5.3,2.9,0.4,3.7,2.8,27.4,123.7,102.6
0,Justinian Jessup,22.09,201,91,0,4,32,100,36,20.1,0.584,3.2,11.8,7.4,12,2.2,1.5,8.4,21.1,0.181,7.2,8.5,20.1,4.9,12.3,3.5,3.6,1.5,5.5,7.1,3.3,2.2,0.7,2,3.4,25.4,119.5,98.3
0.5,Cassius Winston,22.32,185,83,0,4,30,100,32.7,23,0.585,0.7,7.1,4.2,36.5,2.1,0.1,16.8,29.1,0.204,8.9,10.9,24.3,4.3,9.9,6.8,7.9,0.4,4.1,4.4,10.4,2.1,0.1,5.6,3.5,32.8,114.5,98.5
0.5,Cassius Stanley,20.85,198,87,0,1,29,100,27.4,18.5,0.569,7.6,11.7,9.7,6.6,1.4,2.4,14.4,21.9,0.166,5.4,8.8,18.6,2.1,5.9,5.3,7.2,3.7,6,9.7,2.1,1.4,1.4,3.7,4.3,25.1,112.3,96.2
0.5,Grant Riller,23.38,185,86,0,4,31,100,33.5,30.6,0.609,1.8,15.7,8.9,30.1,2.8,1.1,14.8,33.6,0.225,7.1,13.1,26.2,2.7,7.5,10.2,12.3,0.9,8.2,9.2,7,2.8,0.6,5.6,4,39,115.6,100.9
1.5,Reggie Perry,20.26,208,113,0,2,31,100,31.1,28.5,0.587,12.4,25.2,19.1,16.4,1.6,4.1,16.4,28.6,0.218,8.5,11.3,22.6,1.4,4.4,9.2,12,6,13.3,19.2,4.4,1.6,2.2,5.6,5.9,33.2,116.5,97.5
3,Paul Reed,21.03,206,99,0,3,29,100,31.7,27.5,0.561,11.1,25.9,18.4,11.5,3.3,9.7,14.4,24,0.194,9.2,11.1,21.4,1,3.2,3.6,4.9,5.8,13.1,18.8,2.9,3.3,4.5,4,5.2,26.7,109.6,88.8
0.5,Jalen Harris,21.86,196,88,0,4,30,100,33,26.4,0.56,2.8,17.6,10.6,26.5,1.9,0.5,11,32.7,0.202,7.6,12.6,28.3,3.8,10.4,7.6,9.2,1.4,9.6,10.9,6.6,1.9,0.2,4.1,3.9,36.6,113.4,100.9
2,Sam Merrill,24.11,196,92,0,4,32,100,35,25,0.625,0.7,11.8,6.6,23.1,1.5,0.3,9,24.9,0.255,9.9,10.1,21.9,4.6,11.3,7.8,8.7,0.4,6.5,6.8,6.5,1.5,0.2,2.6,3.8,32.6,129.7,96.3
